city,date,airQuality,AQI,rank,PM,PM10,So2,No2,Co,O3
北京,2025-01-01,优,48,51,22,48,38,3,0.54,27
北京,2025-01-02,优,29,6,9,21,16,2,0.30,50
北京,2025-01-03,优,38,27,14,35,30,2,0.37,36
北京,2025-01-04,良,61,78,28,57,49,3,0.56,16
北京,2025-01-05,优,49,49,21,49,28,2,0.41,39
北京,2025-01-06,优,30,6,6,15,10,2,0.24,52
北京,2025-01-07,优,27,5,4,13,8,2,0.23,49
北京,2025-01-08,优,31,8,4,14,4,2,0.20,60
北京,2025-01-09,优,30,12,6,15,10,2,0.24,54
北京,2025-01-10,优,30,7,10,21,24,2,0.36,41
北京,2025-01-11,优,39,31,18,34,31,3,0.45,31
北京,2025-01-12,优,31,4,15,31,18,2,0.35,45
北京,2025-01-13,优,48,44,24,48,35,2,0.50,27
北京,2025-01-14,优,26,1,7,22,8,2,0.31,49
北京,2025-01-15,优,28,5,11,28,18,2,0.37,37
北京,2025-01-16,优,49,54,17,49,25,3,0.43,37
北京,2025-01-17,良,62,125,34,75,48,4,0.69,17
北京,2025-01-18,良,71,138,51,91,57,6,0.90,15
北京,2025-01-19,优,36,7,18,36,27,3,0.43,46
北京,2025-01-20,良,60,80,33,62,48,4,0.63,22
北京,2025-01-21,优,45,31,25,45,33,3,0.55,36
北京,2025-01-22,良,53,50,34,56,34,5,0.72,32
北京,2025-01-23,良,78,157,57,82,41,3,0.83,25
北京,2025-01-24,轻度污染,110,240,83,110,39,4,1.02,38
北京,2025-01-25,轻度污染,138,311,105,135,37,4,1.32,37
北京,2025-01-26,良,89,273,40,128,12,3,0.48,58
北京,2025-01-27,优,32,9,3,19,4,2,0.29,60
北京,2025-01-28,优,32,3,11,20,7,3,0.33,60
北京,2025-01-29,良,90,106,67,83,15,6,0.49,49
北京,2025-01-30,良,56,109,40,50,11,4,0.64,55
北京,2025-01-31,良,71,190,52,66,14,3,0.71,47
北京,2025-02-01,良,86,254,64,81,17,4,1.01,41
北京,2025-02-02,良,55,166,39,50,12,3,0.63,52
北京,2025-02-03,优,38,103,4,9,3,3,0.29,72
北京,2025-02-04,优,35,40,6,15,6,3,0.33,64
北京,2025-02-05,优,36,26,8,22,6,3,0.31,66
北京,2025-02-06,良,56,203,11,61,7,3,0.32,60
北京,2025-02-07,优,34,62,5,22,2,3,0.30,68
北京,2025-02-08,优,36,84,6,13,5,3,0.28,66
北京,2025-02-09,优,31,8,10,18,16,3,0.36,53
北京,2025-02-10,良,57,165,40,64,43,5,0.65,30
北京,2025-02-11,轻度污染,118,297,89,127,58,8,1.04,24
北京,2025-02-12,优,35,11,8,23,11,3,0.25,64
北京,2025-02-13,良,59,154,35,68,29,4,0.45,41
北京,2025-02-14,良,56,118,33,63,38,5,0.57,38
北京,2025-02-15,良,78,218,44,105,32,4,0.52,50
北京,2025-02-16,优,38,34,8,27,5,3,0.21,71
北京,2025-02-17,优,36,44,7,19,10,3,0.29,63
北京,2025-02-18,优,30,15,14,30,23,3,0.37,46
北京,2025-02-19,优,34,31,9,19,18,3,0.33,53
北京,2025-02-20,优,33,38,8,17,14,3,0.36,59
北京,2025-02-21,优,34,35,8,17,13,3,0.32,60
北京,2025-02-22,优,35,59,7,16,9,3,0.32,63
北京,2025-02-23,优,38,97,7,18,8,2,0.32,68
北京,2025-02-24,优,44,94,19,44,35,4,0.52,43
北京,2025-02-25,优,48,72,20,48,25,4,0.47,55
北京,2025-02-26,良,53,110,25,56,40,5,0.58,43
北京,2025-02-27,良,100,260,75,127,60,8,0.90,44
北京,2025-02-28,轻度污染,128,285,97,146,61,7,0.98,60
北京,2025-03-01,重度污染,207,325,157,210,54,8,1.38,69
北京,2025-03-02,良,71,284,52,76,20,4,0.73,66
北京,2025-03-03,优,37,83,16,37,27,4,0.48,54
北京,2025-03-04,良,52,243,23,53,25,4,0.45,60
北京,2025-03-05,良,74,271,54,86,35,5,0.77,49
北京,2025-03-06,优,41,104,9,18,17,3,0.33,67
北京,2025-03-07,良,70,241,51,80,34,4,0.59,55
北京,2025-03-08,轻度污染,108,317,81,107,31,3,0.67,69
北京,2025-03-09,轻度污染,141,312,108,143,35,4,0.78,81
北京,2025-03-10,轻度污染,138,318,105,142,26,4,0.80,99
北京,2025-03-11,中度污染,199,310,149,196,44,4,1.01,52
北京,2025-03-12,良,62,131,26,73,20,3,0.39,63
北京,2025-03-13,良,96,271,47,142,41,6,0.64,50
北京,2025-03-14,良,68,281,31,86,23,7,0.68,65
北京,2025-03-15,良,52,234,28,54,17,5,0.57,62
北京,2025-03-16,优,40,78,10,19,14,3,0.36,67
北京,2025-03-17,优,41,45,10,27,17,3,0.34,68
北京,2025-03-18,优,42,47,14,32,17,3,0.36,70
北京,2025-03-19,优,38,20,15,36,29,4,0.43,56
北京,2025-03-20,优,39,7,9,31,21,3,0.34,62
北京,2025-03-21,优,45,25,10,29,15,3,0.33,74
北京,2025-03-22,良,51,31,17,52,16,4,0.34,74
北京,2025-03-23,轻度污染,116,281,47,183,19,4,0.35,80
北京,2025-03-24,良,82,197,25,114,13,3,0.34,80
北京,2025-03-25,良,54,52,10,58,12,3,0.35,73
北京,2025-03-26,良,78,106,31,105,14,4,0.50,84
北京,2025-03-27,良,56,86,14,61,4,3,0.30,83
北京,2025-03-28,优,42,58,11,27,8,3,0.31,75
北京,2025-03-29,优,42,120,6,22,7,3,0.31,73
北京,2025-03-30,优,44,144,16,44,24,4,0.43,60
北京,2025-03-31,良,62,208,33,75,39,4,0.52,55
北京,2025-04-01,优,42,76,15,42,20,4,0.36,66
北京,2025-04-02,优,46,46,8,21,10,4,0.32,81
北京,2025-04-03,良,60,103,30,69,28,5,0.43,77
北京,2025-04-04,良,66,121,39,81,31,5,0.50,71
北京,2025-04-05,优,44,21,5,22,11,4,0.32,79
北京,2025-04-06,良,66,154,33,81,31,7,0.52,74
北京,2025-04-07,良,60,87,37,70,27,7,0.64,81
北京,2025-04-08,优,50,25,16,48,20,5,0.41,82
北京,2025-04-09,良,53,42,26,56,22,4,0.49,80
北京,2025-04-10,良,71,167,43,92,35,5,0.60,78
北京,2025-04-11,良,98,269,65,147,25,6,0.63,103
北京,2025-04-12,良,92,151,17,133,3,3,0.30,79
北京,2025-04-13,良,67,113,18,84,3,3,0.30,82
北京,2025-04-14,良,53,92,26,56,9,3,0.38,90
北京,2025-04-15,良,54,63,26,58,34,5,0.55,62
北京,2025-04-16,良,88,208,60,126,34,9,1.00,92
北京,2025-04-17,良,67,96,36,75,19,5,0.62,98
北京,2025-04-18,优,39,3,9,23,16,3,0.40,65
北京,2025-04-19,优,40,39,25,36,15,3,0.50,69
北京,2025-04-20,良,64,154,44,73,27,5,0.59,87
北京,2025-04-21,良,74,267,54,81,36,6,0.94,48
北京,2025-04-22,优,44,78,8,25,17,3,0.35,77
北京,2025-04-23,良,54,125,15,57,20,3,0.33,70
北京,2025-04-24,优,46,96,7,31,7,3,0.28,78
北京,2025-04-25,良,54,140,21,59,26,4,0.46,71
北京,2025-04-26,良,82,261,56,115,36,7,0.68,100
北京,2025-04-27,良,57,188,9,25,12,3,0.31,83
北京,2025-04-28,良,56,187,21,63,26,5,0.43,73
北京,2025-04-29,良,59,95,27,68,31,7,0.56,77
北京,2025-04-30,优,48,59,13,43,25,3,0.38,73
北京,2025-05-01,优,46,77,10,29,9,3,0.31,85
北京,2025-05-02,优,42,39,14,35,17,4,0.56,66
北京,2025-05-03,优,42,39,8,20,8,3,0.26,77
北京,2025-05-04,良,54,128,19,47,15,3,0.35,85
北京,2025-05-05,良,52,142,32,52,13,3,0.49,80
北京,2025-05-06,优,46,87,12,25,11,3,0.34,83
北京,2025-05-07,良,68,176,41,86,17,4,0.53,99
北京,2025-05-08,良,89,303,66,125,24,5,0.71,98
北京,2025-05-09,优,49,119,16,30,9,3,0.55,76
北京,2025-05-10,优,48,96,26,40,14,3,0.34,82
北京,2025-05-11,良,67,215,36,58,28,3,0.44,89
北京,2025-05-12,良,99,314,47,83,33,5,0.62,126
北京,2025-05-13,轻度污染,140,328,53,91,23,4,0.65,142
北京,2025-05-14,良,57,62,12,27,11,2,0.36,79
北京,2025-05-15,良,67,200,24,47,14,3,0.50,102
北京,2025-05-16,轻度污染,102,294,42,80,24,5,0.64,123
北京,2025-05-17,良,58,173,13,56,8,2,0.24,80
北京,2025-05-18,优,45,118,19,43,24,3,0.35,69
北京,2025-05-19,良,81,225,26,57,25,3,0.50,110
北京,2025-05-20,轻度污染,144,325,59,126,28,6,1.00,160
北京,2025-05-21,轻度污染,115,307,49,99,16,4,0.94,142
北京,2025-05-22,良,60,170,40,70,19,3,0.57,76
北京,2025-05-23,优,46,120,32,40,16,2,0.47,62
北京,2025-05-24,优,43,69,19,34,21,2,0.40,69
北京,2025-05-25,良,73,195,28,56,24,5,0.54,102
北京,2025-05-26,良,94,264,31,57,27,4,0.62,110
北京,2025-05-27,良,94,237,20,43,24,3,0.45,110
北京,2025-05-28,轻度污染,110,265,31,60,22,4,0.53,130
北京,2025-05-29,轻度污染,129,301,42,77,21,5,0.73,152
北京,2025-05-30,轻度污染,117,272,42,85,24,4,0.62,140
北京,2025-05-31,良,70,206,51,82,27,4,0.75,90
北京,2025-06-01,良,87,282,45,61,16,4,0.78,97
北京,2025-06-02,良,58,215,13,19,12,2,0.39,83
北京,2025-06-03,优,43,100,2,10,14,2,0.24,69
北京,2025-06-04,优,47,96,7,22,21,3,0.27,76
北京,2025-06-05,轻度污染,113,295,19,55,24,4,0.40,142
北京,2025-06-06,良,92,245,14,34,16,3,0.32,104
北京,2025-06-07,良,63,193,10,25,11,3,0.25,98
北京,2025-06-08,轻度污染,103,292,21,50,17,4,0.42,134
北京,2025-06-09,轻度污染,106,295,21,47,17,4,0.47,103
北京,2025-06-10,优,46,142,13,28,18,3,0.33,67
北京,2025-06-11,良,96,264,22,57,23,4,0.38,129
北京,2025-06-12,轻度污染,134,312,33,90,19,5,0.54,162
北京,2025-06-13,轻度污染,131,314,27,71,17,6,0.63,154
北京,2025-06-14,良,82,275,34,55,14,3,0.63,92
北京,2025-06-15,优,48,93,4,7,9,2,0.31,73
北京,2025-06-16,优,41,71,7,13,12,2,0.33,69
北京,2025-06-17,良,80,222,21,38,20,3,0.44,107
北京,2025-06-18,轻度污染,149,328,36,70,19,7,0.88,165
北京,2025-06-19,轻度污染,110,329,22,36,12,2,0.53,130
北京,2025-06-20,良,58,246,16,24,14,2,0.40,78
北京,2025-06-21,优,50,190,6,17,18,2,0.30,76
北京,2025-06-22,良,68,222,13,32,22,2,0.37,89
北京,2025-06-23,轻度污染,117,312,26,51,22,4,0.58,142
北京,2025-06-24,轻度污染,144,327,34,60,20,3,0.55,157
北京,2025-06-25,轻度污染,147,321,37,67,17,7,0.83,183
北京,2025-06-26,轻度污染,126,327,34,67,20,7,0.81,139
北京,2025-06-27,良,81,260,46,75,18,3,0.77,103
北京,2025-06-28,良,80,275,33,45,10,2,0.75,120
北京,2025-06-29,良,94,322,43,50,9,2,0.73,126
北京,2025-06-30,良,88,325,31,41,11,2,0.63,116
北京,2025-07-01,良,72,303,20,28,9,2,0.54,96
北京,2025-07-02,良,68,295,21,31,12,2,0.49,87
上海,2025-01-01,良,60,80,29,69,46,7,0.59,50
上海,2025-01-02,良,61,125,18,39,49,7,0.52,48
上海,2025-01-03,良,55,84,33,60,44,7,0.63,53
上海,2025-01-04,优,49,42,20,35,39,7,0.53,59
上海,2025-01-05,良,62,85,45,69,49,8,0.74,57
上海,2025-01-06,良,90,250,67,111,52,9,0.89,48
上海,2025-01-07,良,64,183,46,75,50,8,0.85,34
上海,2025-01-08,良,84,290,52,80,67,10,0.95,28
上海,2025-01-09,优,31,14,15,31,23,7,0.59,56
上海,2025-01-10,优,42,60,17,40,34,8,0.70,47
上海,2025-01-11,良,75,257,38,64,60,10,0.90,24
上海,2025-01-12,良,76,228,48,87,61,9,0.86,32
上海,2025-01-13,良,89,215,66,108,62,8,0.87,51
上海,2025-01-14,良,95,246,71,111,68,9,0.90,60
上海,2025-01-15,优,38,41,20,38,27,8,0.59,52
上海,2025-01-16,良,75,282,31,65,60,10,0.83,22
上海,2025-01-17,良,99,300,53,92,79,11,0.96,24
上海,2025-01-18,良,72,148,53,80,57,8,0.70,51
上海,2025-01-19,良,96,222,72,97,68,9,0.82,48
上海,2025-01-20,轻度污染,149,299,114,153,96,11,1.20,44
上海,2025-01-21,轻度污染,112,208,85,110,58,9,0.86,58
上海,2025-01-22,优,46,37,21,28,33,7,0.45,73
上海,2025-01-23,优,50,60,21,36,40,5,0.50,52
上海,2025-01-24,优,43,40,23,36,30,6,0.54,74
上海,2025-01-25,优,41,88,14,32,22,6,0.50,78
上海,2025-01-26,优,42,98,27,42,23,6,0.67,78
上海,2025-01-27,良,51,189,34,52,14,6,0.65,71
上海,2025-01-28,优,46,75,25,46,14,8,0.64,75
上海,2025-01-29,良,91,108,68,99,21,11,0.83,75
上海,2025-01-30,优,50,73,28,45,17,7,0.64,92
上海,2025-01-31,优,40,30,21,31,22,6,0.63,63
上海,2025-02-01,优,36,61,18,19,15,5,0.70,68
上海,2025-02-02,良,56,169,34,61,16,6,0.82,73
上海,2025-02-03,良,66,237,48,67,15,6,0.86,74
上海,2025-02-04,良,61,255,44,58,24,7,0.83,67
上海,2025-02-05,良,54,240,38,50,30,7,0.78,61
上海,2025-02-06,优,40,76,21,36,24,7,0.64,67
上海,2025-02-07,良,53,188,25,56,23,7,0.65,56
上海,2025-02-08,优,36,71,17,36,19,8,0.71,59
上海,2025-02-09,优,41,92,26,41,30,8,0.79,57
上海,2025-02-10,优,49,76,33,49,34,7,0.70,66
上海,2025-02-11,优,40,27,17,25,23,6,0.59,69
上海,2025-02-12,良,74,200,54,66,29,6,0.85,52
上海,2025-02-13,优,40,33,23,33,24,6,0.59,68
上海,2025-02-14,优,44,57,14,33,35,6,0.55,56
上海,2025-02-15,良,62,157,42,54,50,6,0.73,23
上海,2025-02-16,轻度污染,108,315,81,96,47,7,1.05,49
上海,2025-02-17,良,56,179,40,61,25,7,0.65,75
上海,2025-02-18,优,41,96,21,39,33,8,0.62,68
上海,2025-02-19,优,46,105,26,46,30,7,0.55,75
上海,2025-02-20,优,44,113,16,27,21,6,0.51,81
上海,2025-02-21,优,44,142,17,33,24,6,0.56,79
上海,2025-02-22,良,56,214,40,56,28,6,0.65,90
上海,2025-02-23,良,56,230,40,49,26,6,0.69,77
上海,2025-02-24,良,70,250,51,63,37,8,0.78,72
上海,2025-02-25,良,80,241,59,82,49,7,0.80,64
上海,2025-02-26,轻度污染,131,322,100,125,65,9,1.12,53
上海,2025-02-27,轻度污染,125,300,95,109,45,7,0.95,78
上海,2025-02-28,良,58,134,36,39,46,6,0.77,49
上海,2025-03-01,良,57,146,28,34,34,6,0.67,81
上海,2025-03-02,良,57,229,37,54,45,7,0.69,73
上海,2025-03-03,优,44,180,15,22,24,5,0.69,66
上海,2025-03-04,优,32,56,13,16,25,5,0.63,56
上海,2025-03-05,优,39,98,13,18,21,6,0.57,76
上海,2025-03-06,优,47,152,21,37,22,6,0.60,87
上海,2025-03-07,优,50,130,29,47,32,6,0.59,84
上海,2025-03-08,良,56,140,39,59,39,7,0.64,82
上海,2025-03-09,良,52,92,23,34,28,6,0.50,87
上海,2025-03-10,良,55,98,24,39,44,6,0.52,52
上海,2025-03-11,优,50,72,35,38,40,6,0.56,47
上海,2025-03-12,优,46,50,19,20,37,6,0.58,42
上海,2025-03-13,优,41,75,19,31,30,6,0.56,73
上海,2025-03-14,优,41,101,13,40,33,6,0.51,67
上海,2025-03-15,优,42,143,11,21,21,6,0.53,80
上海,2025-03-16,优,45,173,29,45,26,7,0.67,70
上海,2025-03-17,优,50,182,30,47,40,7,0.61,66
上海,2025-03-18,优,46,87,22,43,32,7,0.59,78
上海,2025-03-19,优,46,66,19,37,35,7,0.60,74
上海,2025-03-20,良,64,217,37,62,46,8,0.61,91
上海,2025-03-21,良,80,284,41,65,64,9,0.68,78
上海,2025-03-22,良,84,271,44,74,67,9,0.68,85
上海,2025-03-23,良,80,167,46,79,49,9,0.68,105
上海,2025-03-24,良,82,193,34,71,39,8,0.66,103
上海,2025-03-25,良,81,182,44,101,52,8,0.71,107
上海,2025-03-26,轻度污染,104,231,54,93,50,9,0.82,123
上海,2025-03-27,良,62,103,40,71,32,7,0.80,85
上海,2025-03-28,优,50,94,19,50,22,6,0.61,72
上海,2025-03-29,良,58,209,32,65,28,7,0.61,60
上海,2025-03-30,优,47,164,13,30,20,7,0.50,89
上海,2025-03-31,良,53,163,16,37,23,7,0.51,96
上海,2025-04-01,良,62,182,25,44,28,7,0.56,103
上海,2025-04-02,良,71,262,45,72,39,8,0.68,111
上海,2025-04-03,良,67,174,33,42,33,7,0.63,92
上海,2025-04-04,良,68,127,23,38,30,7,0.58,99
上海,2025-04-05,良,76,243,44,68,35,8,0.75,102
上海,2025-04-06,良,75,220,49,71,40,8,0.69,96
上海,2025-04-07,良,88,266,40,58,32,8,0.61,121
上海,2025-04-08,轻度污染,103,301,39,79,40,9,0.68,138
上海,2025-04-09,轻度污染,105,301,54,90,50,9,0.78,121
上海,2025-04-10,良,87,268,60,81,46,8,0.72,110
上海,2025-04-11,良,64,131,46,64,42,9,0.68,92
上海,2025-04-12,良,86,140,31,123,17,6,0.55,86
上海,2025-04-13,良,94,162,26,137,18,7,0.45,84
上海,2025-04-14,良,76,177,25,101,24,7,0.55,88
上海,2025-04-15,良,71,197,22,63,38,8,0.60,94
上海,2025-04-16,良,98,252,28,69,37,8,0.68,122
上海,2025-04-17,良,74,154,33,79,38,7,0.68,87
上海,2025-04-18,良,72,180,34,68,29,7,0.70,94
上海,2025-04-19,良,63,195,29,63,20,6,0.76,91
上海,2025-04-20,良,72,205,35,43,22,6,0.79,109
上海,2025-04-21,良,62,193,26,37,20,5,0.59,95
上海,2025-04-22,良,61,217,44,44,23,6,0.77,71
上海,2025-04-23,良,92,303,44,64,32,7,0.80,119
上海,2025-04-24,良,90,320,61,104,49,8,0.85,98
上海,2025-04-25,良,58,169,17,51,24,6,0.43,88
上海,2025-04-26,良,54,133,14,34,29,6,0.48,88
上海,2025-04-27,优,50,141,17,40,29,6,0.58,85
上海,2025-04-28,良,54,163,30,45,37,6,0.73,76
上海,2025-04-29,良,61,108,24,38,32,7,0.58,88
上海,2025-04-30,良,89,232,19,45,25,7,0.58,117
上海,2025-05-01,良,65,236,30,60,22,6,0.69,108
上海,2025-05-02,良,96,298,28,55,19,7,0.63,138
上海,2025-05-03,良,86,278,25,53,14,6,0.67,121
上海,2025-05-04,良,62,152,10,24,15,6,0.47,105
上海,2025-05-05,优,45,84,20,35,21,5,0.70,78
上海,2025-05-06,良,71,214,52,72,22,6,0.83,102
上海,2025-05-07,良,70,187,23,65,19,6,0.54,106
上海,2025-05-08,良,62,184,18,52,15,5,0.54,101
上海,2025-05-09,良,57,206,11,22,16,5,0.68,84
上海,2025-05-10,良,63,279,23,46,27,6,0.65,87
上海,2025-05-11,良,74,295,23,37,23,6,0.58,108
上海,2025-05-12,良,88,258,34,51,34,7,0.59,120
上海,2025-05-13,轻度污染,112,312,23,41,19,6,0.53,143
上海,2025-05-14,良,96,289,18,34,19,6,0.58,124
上海,2025-05-15,良,82,278,23,44,37,7,0.65,90
上海,2025-05-16,优,46,99,32,40,27,5,0.78,57
上海,2025-05-17,良,70,203,44,47,32,6,0.96,101
上海,2025-05-18,良,67,197,25,69,20,6,0.55,97
上海,2025-05-19,良,68,188,26,41,21,6,0.65,96
上海,2025-05-20,优,41,106,29,38,27,6,0.68,51
上海,2025-05-21,优,40,99,23,24,31,5,0.71,52
上海,2025-05-22,良,60,169,23,30,27,6,0.71,80
上海,2025-05-23,优,45,108,6,7,13,5,0.50,77
上海,2025-05-24,良,72,249,30,39,17,6,0.61,113
上海,2025-05-25,良,81,248,31,43,28,7,0.62,106
上海,2025-05-26,良,68,153,25,33,24,6,0.50,96
上海,2025-05-27,良,69,150,20,28,18,6,0.48,107
上海,2025-05-28,良,74,185,18,32,20,6,0.52,117
上海,2025-05-29,良,68,165,23,32,20,6,0.54,95
上海,2025-05-30,良,92,209,39,50,25,7,0.60,132
上海,2025-05-31,良,99,283,35,44,18,6,0.60,137
上海,2025-06-01,良,81,272,11,14,8,5,0.52,130
上海,2025-06-02,良,58,219,9,12,15,5,0.63,85
上海,2025-06-03,良,78,266,23,33,18,6,0.67,123
上海,2025-06-04,轻度污染,128,324,44,51,26,7,0.69,164
上海,2025-06-05,轻度污染,118,306,21,36,29,7,0.53,128
上海,2025-06-06,轻度污染,103,270,19,41,17,7,0.52,127
上海,2025-06-07,优,44,98,21,41,27,6,0.65,51
上海,2025-06-08,优,38,67,12,14,19,5,0.55,65
上海,2025-06-09,优,36,47,12,18,22,5,0.57,59
上海,2025-06-10,优,30,16,16,19,23,5,0.58,49
上海,2025-06-11,优,32,26,19,23,22,6,0.51,58
上海,2025-06-12,优,46,99,9,11,19,5,0.54,78
上海,2025-06-13,优,22,4,7,14,17,5,0.54,22
上海,2025-06-14,优,46,117,23,30,23,6,0.68,62
上海,2025-06-15,优,34,33,10,16,20,5,0.60,46
上海,2025-06-16,良,81,280,13,23,15,6,0.50,123
上海,2025-06-17,轻度污染,112,316,27,56,25,7,0.62,135
上海,2025-06-18,良,99,289,24,51,27,7,0.57,107
上海,2025-06-19,良,68,265,19,36,26,7,0.56,65
上海,2025-06-20,优,40,165,11,23,16,6,0.49,57
上海,2025-06-21,优,48,178,13,27,16,6,0.57,68
上海,2025-06-22,优,48,143,6,12,16,5,0.53,84
上海,2025-06-23,优,45,119,7,10,15,5,0.53,82
上海,2025-06-24,优,44,101,16,20,18,5,0.61,79
上海,2025-06-25,良,71,188,26,37,24,6,0.60,95
上海,2025-06-26,良,86,258,31,38,19,6,0.63,111
上海,2025-06-27,良,89,288,25,33,22,6,0.60,98
上海,2025-06-28,良,77,266,24,36,21,6,0.59,104
上海,2025-06-29,良,81,290,15,22,14,6,0.51,93
上海,2025-06-30,优,44,171,8,16,11,6,0.47,56
上海,2025-07-01,优,41,149,8,21,11,6,0.45,55
上海,2025-07-02,优,44,164,10,25,12,6,0.48,61
广州,2025-01-01,良,71,124,52,80,47,8,0.86,73
广州,2025-01-02,良,70,156,51,82,55,7,0.91,64
广州,2025-01-03,良,60,108,34,62,33,8,0.66,93
广州,2025-01-04,良,62,86,42,71,48,8,0.71,87
广州,2025-01-05,良,78,136,57,91,48,10,0.85,91
广州,2025-01-06,良,78,194,57,85,42,7,0.85,98
广州,2025-01-07,良,78,252,57,89,62,7,0.84,72
广州,2025-01-08,良,71,248,52,86,57,7,0.82,72
广州,2025-01-09,良,62,257,42,74,34,8,0.68,85
广州,2025-01-10,优,46,91,21,45,20,6,0.50,74
广州,2025-01-11,优,42,49,18,36,21,6,0.45,75
广州,2025-01-12,优,48,67,24,46,38,6,0.53,62
广州,2025-01-13,良,81,178,36,72,65,7,0.72,46
广州,2025-01-14,良,90,233,41,84,72,8,0.79,48
广州,2025-01-15,良,58,171,33,65,33,7,0.67,84
广州,2025-01-16,良,58,144,32,65,26,6,0.61,90
广州,2025-01-17,良,54,67,29,58,38,6,0.63,73
广州,2025-01-18,良,75,158,37,71,60,6,0.75,52
广州,2025-01-19,良,78,159,39,73,62,6,0.83,56
广州,2025-01-20,良,78,146,41,72,62,6,0.87,56
广州,2025-01-21,良,85,139,49,83,68,7,0.93,65
广州,2025-01-22,良,62,84,38,62,50,5,0.87,66
广州,2025-01-23,良,58,81,41,62,44,4,0.90,47
广州,2025-01-24,优,48,70,27,42,28,4,0.67,74
广州,2025-01-25,良,57,181,17,30,18,4,0.56,84
广州,2025-01-26,优,36,51,11,19,13,4,0.75,48
广州,2025-01-27,优,40,96,15,24,8,4,0.62,78
广州,2025-01-28,优,45,69,20,44,8,4,0.49,81
广州,2025-01-29,良,66,55,48,73,10,10,0.51,77
广州,2025-01-30,良,62,142,45,63,14,6,0.53,75
广州,2025-01-31,优,48,102,23,36,11,5,0.53,84
广州,2025-02-01,优,40,84,28,37,16,5,0.68,55
广州,2025-02-02,优,37,78,26,33,16,4,0.79,24
广州,2025-02-03,优,20,6,4,7,7,4,0.80,36
广州,2025-02-04,优,37,65,19,26,8,4,0.55,68
广州,2025-02-05,优,40,89,28,39,15,5,0.51,62
广州,2025-02-06,优,43,91,30,42,15,6,0.59,54
广州,2025-02-07,优,30,42,12,19,8,4,0.50,57
广州,2025-02-08,良,55,255,18,60,8,5,0.37,75
广州,2025-02-09,优,42,100,12,33,13,4,0.33,72
广州,2025-02-10,优,49,78,26,49,32,5,0.48,59
广州,2025-02-11,良,51,80,30,51,41,5,0.58,59
广州,2025-02-12,良,52,87,32,48,42,5,0.68,57
广州,2025-02-13,优,46,62,26,41,18,5,0.71,68
广州,2025-02-14,优,49,79,34,49,31,5,0.70,68
广州,2025-02-15,优,45,58,29,43,36,4,0.69,39
广州,2025-02-16,良,60,167,43,64,33,6,0.86,48
广州,2025-02-17,优,43,95,27,43,28,5,0.84,49
广州,2025-02-18,良,52,175,31,55,27,7,0.78,49
广州,2025-02-19,优,50,141,28,51,31,6,0.70,65
广州,2025-02-20,良,51,160,26,49,38,5,0.60,69
广州,2025-02-21,优,34,40,18,34,23,5,0.68,43
广州,2025-02-22,优,36,72,20,36,27,6,0.64,36
广州,2025-02-23,优,23,19,8,16,14,4,0.58,40
广州,2025-02-24,优,42,83,19,30,19,5,0.54,72
广州,2025-02-25,优,48,71,29,46,38,5,0.66,34
广州,2025-02-26,优,50,95,35,44,35,5,0.77,18
广州,2025-02-27,良,54,96,38,59,42,5,0.78,54
广州,2025-02-28,优,47,64,27,47,37,5,0.64,55
广州,2025-03-01,优,42,46,17,37,34,5,0.55,45
广州,2025-03-02,优,37,37,16,36,27,5,0.51,49
广州,2025-03-03,优,39,110,19,38,31,4,0.53,29
广州,2025-03-04,优,36,90,14,23,29,4,0.69,13
广州,2025-03-05,优,24,29,7,12,19,4,0.72,15
广州,2025-03-06,优,20,15,5,10,16,4,0.61,34
广州,2025-03-07,优,24,14,15,19,19,4,0.57,41
广州,2025-03-08,优,32,24,20,29,26,5,0.54,36
广州,2025-03-09,良,54,99,35,57,41,7,0.67,50
广州,2025-03-10,良,66,155,38,68,53,6,0.77,66
广州,2025-03-11,良,62,138,22,45,42,5,0.56,62
广州,2025-03-12,良,52,81,20,44,42,6,0.55,51
广州,2025-03-13,优,41,76,16,36,33,5,0.47,46
广州,2025-03-14,优,38,71,18,36,30,5,0.50,36
广州,2025-03-15,优,28,36,10,19,22,4,0.66,29
广州,2025-03-16,优,30,10,5,13,12,4,0.46,60
广州,2025-03-17,良,51,207,28,52,19,4,0.43,82
广州,2025-03-18,优,48,133,27,43,30,5,0.51,70
广州,2025-03-19,良,56,195,26,47,41,6,0.50,75
广州,2025-03-20,良,64,218,31,59,51,6,0.53,78
广州,2025-03-21,良,86,301,38,69,52,6,0.59,99
广州,2025-03-22,轻度污染,107,313,41,74,51,6,0.60,116
广州,2025-03-23,轻度污染,122,286,40,78,52,7,0.60,122
广州,2025-03-24,轻度污染,121,271,43,86,53,8,0.64,113
广州,2025-03-25,轻度污染,112,266,37,73,47,7,0.62,103
广州,2025-03-26,良,78,111,23,51,29,5,0.50,80
广州,2025-03-27,优,44,48,19,40,23,5,0.44,55
广州,2025-03-28,优,43,63,24,43,25,4,0.58,28
广州,2025-03-29,优,22,13,6,12,15,4,0.51,40
广州,2025-03-30,优,20,11,4,8,15,4,0.48,37
广州,2025-03-31,优,24,23,6,10,19,4,0.53,29
广州,2025-04-01,优,36,37,17,26,21,5,0.52,59
广州,2025-04-02,优,50,83,26,45,40,6,0.57,53
广州,2025-04-03,良,65,158,35,67,52,6,0.63,76
广州,2025-04-04,良,63,93,30,62,43,6,0.56,76
广州,2025-04-05,优,37,4,22,32,23,4,0.60,56
广州,2025-04-06,良,60,109,38,69,42,6,0.72,39
广州,2025-04-07,良,70,155,48,90,51,6,0.79,86
广州,2025-04-08,良,85,234,39,77,49,6,0.67,93
广州,2025-04-09,良,76,203,32,59,34,5,0.68,81
广州,2025-04-10,良,62,119,26,47,30,5,0.67,70
广州,2025-04-11,优,39,22,20,39,30,5,0.63,33
广州,2025-04-12,优,49,42,19,49,20,4,0.52,36
广州,2025-04-13,重度污染,266,321,90,396,22,5,0.38,67
广州,2025-04-14,中度污染,165,314,82,280,49,7,0.54,70
广州,2025-04-15,轻度污染,102,284,52,153,54,6,0.59,81
广州,2025-04-16,良,98,248,42,146,40,6,0.51,103
广州,2025-04-17,良,69,113,26,88,20,5,0.50,92
广州,2025-04-18,良,61,110,26,72,32,4,0.56,34
广州,2025-04-19,优,37,22,20,37,28,4,0.53,22
广州,2025-04-20,优,36,33,20,36,24,4,0.49,37
广州,2025-04-21,优,34,25,18,32,19,4,0.45,43
广州,2025-04-22,优,40,45,21,37,18,4,0.52,50
广州,2025-04-23,优,48,84,23,41,22,4,0.52,57
广州,2025-04-24,优,38,45,13,25,17,4,0.51,56
广州,2025-04-25,优,28,4,10,14,22,4,0.68,40
广州,2025-04-26,优,35,17,18,35,26,5,0.70,40
广州,2025-04-27,优,35,39,19,35,27,4,0.64,51
广州,2025-04-28,优,41,41,17,27,24,4,0.73,56
广州,2025-04-29,良,78,217,20,41,28,5,0.62,107
广州,2025-04-30,良,99,268,28,54,29,5,0.64,118
广州,2025-05-01,优,48,98,22,34,20,4,0.70,79
广州,2025-05-02,良,71,185,27,47,20,4,0.72,92
广州,2025-05-03,良,81,263,29,44,17,4,0.69,101
广州,2025-05-04,优,40,54,17,28,17,4,0.60,53
广州,2025-05-05,优,38,36,15,27,16,4,0.58,51
广州,2025-05-06,优,36,26,14,25,24,4,0.58,45
广州,2025-05-07,优,38,33,12,20,30,4,0.60,20
广州,2025-05-08,优,32,19,15,32,16,4,0.52,51
广州,2025-05-09,优,36,14,12,24,24,4,0.53,54
广州,2025-05-10,优,34,5,15,29,26,4,0.60,46
广州,2025-05-11,良,52,71,16,32,18,4,0.44,88
广州,2025-05-12,良,76,163,23,43,36,5,0.48,95
广州,2025-05-13,良,98,256,24,43,32,5,0.51,109
广州,2025-05-14,良,78,201,18,36,23,5,0.51,91
广州,2025-05-15,良,52,89,11,25,22,4,0.42,65
广州,2025-05-16,优,32,25,9,21,23,4,0.43,35
广州,2025-05-17,优,32,42,12,22,26,4,0.48,26
广州,2025-05-18,优,29,33,11,18,23,4,0.53,28
广州,2025-05-19,优,35,51,13,24,28,4,0.59,23
广州,2025-05-20,优,29,47,13,24,23,4,0.53,28
广州,2025-05-21,优,33,59,14,26,21,4,0.47,36
广州,2025-05-22,优,30,32,13,26,24,4,0.53,32
广州,2025-05-23,优,28,13,16,27,22,4,0.50,31
广州,2025-05-24,优,35,23,13,22,16,5,0.60,66
广州,2025-05-25,良,52,103,30,45,22,5,0.60,87
广州,2025-05-26,良,53,88,35,49,20,5,0.60,84
广州,2025-05-27,良,59,106,31,45,25,5,0.60,79
广州,2025-05-28,良,51,111,25,42,35,5,0.62,70
广州,2025-05-29,优,34,51,14,21,27,4,0.72,29
广州,2025-05-30,优,28,32,10,18,22,4,0.66,44
广州,2025-05-31,优,50,134,17,30,19,5,0.57,81
广州,2025-06-01,优,48,125,21,35,18,4,0.58,72
广州,2025-06-02,优,41,101,15,32,23,4,0.57,48
广州,2025-06-03,优,28,10,9,18,18,4,0.73,41
广州,2025-06-04,优,33,16,15,27,23,5,0.75,44
广州,2025-06-05,良,53,104,17,32,27,4,0.68,80
广州,2025-06-06,良,82,222,20,38,25,4,0.61,97
广州,2025-06-07,良,73,243,15,30,18,4,0.57,83
广州,2025-06-08,良,53,157,11,23,14,4,0.50,65
广州,2025-06-09,良,55,164,13,27,17,5,0.50,73
广州,2025-06-10,良,60,216,14,30,25,5,0.53,47
广州,2025-06-11,优,36,44,8,20,18,4,0.51,34
广州,2025-06-12,优,28,15,9,19,16,4,0.52,38
广州,2025-06-13,优,26,15,8,15,19,4,0.55,35
广州,2025-06-14,优,22,10,8,14,17,4,0.54,32
广州,2025-06-15,优,37,51,12,24,13,4,0.54,59
广州,2025-06-16,优,25,11,10,21,20,4,0.58,26
广州,2025-06-17,优,28,42,7,13,22,4,0.55,20
广州,2025-06-18,优,24,54,9,17,19,4,0.53,21
广州,2025-06-19,优,26,103,7,16,17,4,0.50,36
广州,2025-06-20,优,25,72,7,15,19,4,0.51,29
广州,2025-06-21,优,22,19,8,17,18,4,0.53,18
广州,2025-06-22,优,24,32,9,20,18,4,0.56,30
广州,2025-06-23,优,35,68,8,19,16,4,0.51,49
广州,2025-06-24,优,44,105,9,21,16,4,0.50,61
广州,2025-06-25,良,65,167,11,24,20,5,0.51,76
广州,2025-06-26,优,34,58,9,19,21,5,0.54,33
广州,2025-06-27,优,34,81,7,16,19,4,0.49,40
广州,2025-06-28,优,28,51,8,17,21,4,0.47,37
广州,2025-06-29,优,34,98,9,19,20,4,0.47,43
广州,2025-06-30,优,32,82,7,16,17,5,0.47,39
广州,2025-07-01,优,28,61,7,15,19,4,0.48,27
广州,2025-07-02,优,30,88,9,21,18,4,0.48,36
深圳,2025-01-01,良,60,79,39,69,28,7,0.73,96
深圳,2025-01-02,良,62,130,38,63,38,7,0.78,84
深圳,2025-01-03,良,68,156,31,59,33,8,0.65,101
深圳,2025-01-04,良,68,109,33,63,36,7,0.64,99
深圳,2025-01-05,良,77,133,36,68,40,8,0.67,96
深圳,2025-01-06,良,87,241,45,76,40,8,0.75,113
深圳,2025-01-07,良,78,256,36,64,34,7,0.68,106
深圳,2025-01-08,良,78,272,38,79,37,7,0.71,102
深圳,2025-01-09,良,68,282,35,71,37,8,0.70,90
深圳,2025-01-10,优,50,125,21,51,24,7,0.55,74
深圳,2025-01-11,优,50,92,25,50,25,7,0.58,82
深圳,2025-01-12,优,46,55,16,36,30,6,0.53,75
深圳,2025-01-13,良,54,62,24,56,43,6,0.63,71
深圳,2025-01-14,良,59,117,24,58,47,6,0.64,71
深圳,2025-01-15,良,58,175,31,66,39,7,0.65,80
深圳,2025-01-16,良,69,247,40,80,25,7,0.66,103
深圳,2025-01-17,良,60,110,27,60,27,6,0.57,97
深圳,2025-01-18,良,78,175,32,66,40,6,0.62,99
深圳,2025-01-19,良,70,136,34,62,53,7,0.67,81
深圳,2025-01-20,良,75,133,38,67,60,7,0.72,80
深圳,2025-01-21,良,66,83,24,45,32,6,0.59,103
深圳,2025-01-22,良,67,102,34,54,27,6,0.69,92
深圳,2025-01-23,优,41,25,29,41,29,5,0.64,54
深圳,2025-01-24,良,52,98,10,19,12,6,0.51,97
深圳,2025-01-25,良,51,151,10,22,8,5,0.48,94
深圳,2025-01-26,优,42,93,8,19,9,5,0.66,62
深圳,2025-01-27,优,42,122,9,18,5,5,0.62,81
深圳,2025-01-28,优,45,67,18,41,6,5,0.48,80
深圳,2025-01-29,良,71,68,52,79,8,9,0.48,80
深圳,2025-01-30,优,50,76,19,38,7,6,0.41,93
深圳,2025-01-31,优,49,106,13,27,8,6,0.43,87
深圳,2025-02-01,优,37,63,15,22,15,6,0.52,53
深圳,2025-02-02,优,34,69,11,18,12,6,0.51,60
深圳,2025-02-03,优,30,45,4,9,5,5,0.65,45
深圳,2025-02-04,优,33,27,9,15,7,5,0.57,58
深圳,2025-02-05,优,41,95,22,34,14,6,0.57,68
深圳,2025-02-06,优,43,89,24,38,16,6,0.57,71
深圳,2025-02-07,优,31,47,12,21,7,6,0.55,55
深圳,2025-02-08,优,50,221,15,51,7,6,0.43,75
深圳,2025-02-09,优,46,143,14,43,10,5,0.43,83
深圳,2025-02-10,良,57,167,19,43,18,6,0.50,93
深圳,2025-02-11,良,51,75,15,29,18,6,0.50,85
深圳,2025-02-12,优,32,5,16,24,20,6,0.59,46
深圳,2025-02-13,优,46,56,29,46,17,6,0.67,59
深圳,2025-02-14,优,40,33,28,39,17,6,0.70,61
深圳,2025-02-15,优,40,28,19,27,25,6,0.65,61
深圳,2025-02-16,良,51,109,33,50,35,6,0.73,68
深圳,2025-02-17,良,52,147,28,43,17,6,0.73,88
深圳,2025-02-18,良,81,298,36,74,20,7,0.69,125
深圳,2025-02-19,良,58,199,17,38,14,6,0.55,94
深圳,2025-02-20,良,55,189,17,37,15,6,0.54,94
深圳,2025-02-21,优,46,156,23,42,19,6,0.63,74
深圳,2025-02-22,优,40,113,19,40,21,6,0.58,67
深圳,2025-02-23,优,24,23,9,16,15,6,0.66,36
深圳,2025-02-24,优,36,40,13,24,15,5,0.61,65
深圳,2025-02-25,良,52,89,30,54,26,6,0.70,75
深圳,2025-02-26,优,48,84,33,48,30,5,0.76,47
深圳,2025-02-27,优,46,58,19,33,26,6,0.63,77
深圳,2025-02-28,优,41,24,18,31,25,5,0.62,60
深圳,2025-03-01,优,33,2,17,33,23,6,0.60,51
深圳,2025-03-02,优,32,7,11,27,14,5,0.55,54
深圳,2025-03-03,优,26,11,9,20,21,6,0.56,37
深圳,2025-03-04,优,36,88,12,23,29,6,0.59,21
深圳,2025-03-05,优,29,46,9,20,23,5,0.80,8
深圳,2025-03-06,优,20,16,4,11,16,5,0.76,25
深圳,2025-03-07,优,21,7,10,18,17,5,0.71,26
深圳,2025-03-08,优,32,23,19,30,22,6,0.70,51
深圳,2025-03-09,良,58,120,18,35,21,6,0.61,95
深圳,2025-03-10,良,57,117,19,38,23,6,0.60,91
深圳,2025-03-11,优,44,38,20,40,28,6,0.62,66
深圳,2025-03-12,优,31,8,13,28,25,6,0.56,48
深圳,2025-03-13,优,30,16,15,30,23,6,0.52,37
深圳,2025-03-14,优,26,22,14,24,21,6,0.53,46
深圳,2025-03-15,优,33,58,10,19,18,6,0.65,50
深圳,2025-03-16,优,34,34,3,12,9,6,0.60,63
深圳,2025-03-17,良,51,208,24,52,16,6,0.53,81
深圳,2025-03-18,优,46,102,22,40,25,6,0.54,71
深圳,2025-03-19,良,56,194,28,51,36,7,0.55,84
深圳,2025-03-20,良,87,303,26,49,28,7,0.50,118
深圳,2025-03-21,良,100,316,29,53,29,7,0.54,127
深圳,2025-03-22,良,98,304,28,52,35,7,0.55,118
深圳,2025-03-23,良,78,162,28,52,42,7,0.56,99
深圳,2025-03-24,良,76,177,30,54,44,7,0.61,90
深圳,2025-03-25,良,68,110,26,52,42,7,0.60,86
深圳,2025-03-26,优,45,20,17,36,24,6,0.52,65
深圳,2025-03-27,优,30,2,14,28,17,6,0.50,45
深圳,2025-03-28,优,30,5,17,30,19,6,0.51,25
深圳,2025-03-29,优,22,10,4,11,14,6,0.60,34
深圳,2025-03-30,优,18,5,2,6,14,5,0.51,28
深圳,2025-03-31,优,21,15,3,9,17,5,0.57,20
深圳,2025-04-01,优,28,12,14,24,16,6,0.57,48
深圳,2025-04-02,优,42,21,14,26,20,6,0.56,64
深圳,2025-04-03,良,68,177,21,40,31,7,0.59,94
深圳,2025-04-04,良,68,129,17,47,18,7,0.54,105
深圳,2025-04-05,优,46,34,17,31,16,6,0.64,68
深圳,2025-04-06,优,49,50,28,49,29,6,0.71,49
深圳,2025-04-07,良,55,53,28,55,27,6,0.67,96
深圳,2025-04-08,良,73,160,31,61,30,7,0.70,96
深圳,2025-04-09,优,46,8,21,43,27,7,0.65,65
深圳,2025-04-10,优,36,3,17,31,24,6,0.63,49
深圳,2025-04-11,优,30,3,15,28,24,6,0.63,29
深圳,2025-04-12,优,32,6,15,32,11,6,0.55,37
深圳,2025-04-13,中度污染,171,277,73,292,15,6,0.43,81
深圳,2025-04-14,中度污染,166,315,86,281,54,8,0.65,78
深圳,2025-04-15,轻度污染,116,306,62,181,47,7,0.68,109
深圳,2025-04-16,良,88,215,35,117,16,6,0.58,124
深圳,2025-04-17,良,62,62,22,73,13,6,0.57,81
深圳,2025-04-18,良,51,53,20,52,20,6,0.61,38
深圳,2025-04-19,优,27,4,15,27,13,6,0.59,27
深圳,2025-04-20,优,24,2,15,24,12,6,0.50,33
深圳,2025-04-21,优,24,5,14,24,12,6,0.50,29
深圳,2025-04-22,优,26,3,15,26,11,6,0.50,34
深圳,2025-04-23,优,28,5,15,26,13,6,0.49,40
深圳,2025-04-24,优,27,5,10,20,12,6,0.50,44
深圳,2025-04-25,优,34,19,12,23,24,6,0.61,45
深圳,2025-04-26,优,49,97,8,18,9,6,0.61,97
深圳,2025-04-27,优,48,121,16,29,11,6,0.61,85
深圳,2025-04-28,良,52,131,21,34,22,6,0.71,68
深圳,2025-04-29,良,76,207,15,32,14,7,0.64,122
深圳,2025-04-30,轻度污染,101,274,23,45,16,6,0.62,135
深圳,2025-05-01,优,42,35,22,41,20,6,0.67,68
深圳,2025-05-02,良,59,129,26,41,16,7,0.69,92
深圳,2025-05-03,良,85,276,28,43,12,6,0.71,118
深圳,2025-05-04,优,38,33,15,25,11,6,0.62,53
深圳,2025-05-05,优,34,21,13,27,9,6,0.59,58
深圳,2025-05-06,优,26,4,11,23,21,7,0.63,22
深圳,2025-05-07,优,26,10,11,21,21,6,0.65,27
深圳,2025-05-08,优,44,57,18,43,8,6,0.60,76
深圳,2025-05-09,优,38,27,12,29,21,6,0.63,53
深圳,2025-05-10,优,44,45,17,34,21,7,0.68,62
深圳,2025-05-11,良,60,142,13,30,12,7,0.55,99
深圳,2025-05-12,良,79,185,19,37,21,7,0.58,108
深圳,2025-05-13,良,89,199,19,36,13,7,0.60,130
深圳,2025-05-14,良,62,107,12,25,9,6,0.56,97
深圳,2025-05-15,优,39,25,8,19,9,6,0.52,66
深圳,2025-05-16,优,28,13,5,15,10,7,0.50,44
深圳,2025-05-17,优,25,15,6,17,15,7,0.50,35
深圳,2025-05-18,优,22,12,8,16,17,7,0.50,28
深圳,2025-05-19,优,20,3,9,18,16,7,0.51,27
深圳,2025-05-20,优,20,2,7,16,12,7,0.50,32
深圳,2025-05-21,优,23,6,11,20,11,7,0.50,35
深圳,2025-05-22,优,26,13,9,18,12,7,0.50,36
深圳,2025-05-23,优,24,6,9,21,12,6,0.50,38
深圳,2025-05-24,优,38,35,11,23,17,6,0.65,57
深圳,2025-05-25,优,46,58,28,46,12,7,0.70,86
深圳,2025-05-26,良,65,134,20,34,14,7,0.63,98
深圳,2025-05-27,良,78,187,24,40,13,7,0.66,119
深圳,2025-05-28,良,58,134,14,30,11,6,0.60,95
深圳,2025-05-29,优,32,40,14,24,16,6,0.68,47
深圳,2025-05-30,优,42,78,5,13,9,6,0.57,83
深圳,2025-05-31,良,54,145,14,25,8,6,0.55,96
深圳,2025-06-01,优,46,115,17,26,9,6,0.60,76
深圳,2025-06-02,优,33,49,11,25,13,6,0.55,44
深圳,2025-06-03,优,32,25,8,20,16,6,0.65,48
深圳,2025-06-04,优,27,3,8,18,19,6,0.79,38
深圳,2025-06-05,良,56,118,13,25,11,6,0.63,97
深圳,2025-06-06,良,58,125,12,24,12,7,0.60,93
深圳,2025-06-07,优,45,111,10,19,13,7,0.60,66
深圳,2025-06-08,优,34,31,6,12,11,7,0.58,45
深圳,2025-06-09,优,32,17,8,15,15,7,0.58,42
深圳,2025-06-10,优,30,26,4,12,11,7,0.54,37
深圳,2025-06-11,优,21,1,4,13,7,7,0.51,31
深圳,2025-06-12,优,26,5,5,14,7,6,0.55,41
深圳,2025-06-13,优,24,7,5,14,11,6,0.58,34
深圳,2025-06-14,优,26,32,10,26,6,7,0.57,43
深圳,2025-06-15,优,30,21,12,30,8,6,0.60,42
深圳,2025-06-16,优,24,6,9,24,11,7,0.60,35
深圳,2025-06-17,优,20,13,7,17,16,7,0.60,19
深圳,2025-06-18,优,16,4,5,14,9,6,0.55,29
深圳,2025-06-19,优,22,67,5,12,8,6,0.51,32
深圳,2025-06-20,优,17,9,4,12,10,6,0.53,25
深圳,2025-06-21,优,16,3,5,14,10,6,0.54,20
深圳,2025-06-22,优,16,1,5,16,10,6,0.53,23
深圳,2025-06-23,优,20,5,4,13,11,7,0.51,31
深圳,2025-06-24,优,26,27,4,13,11,7,0.50,38
深圳,2025-06-25,优,27,27,5,12,10,7,0.48,41
深圳,2025-06-26,优,23,15,3,12,7,6,0.53,37
深圳,2025-06-27,优,20,5,4,14,10,7,0.54,30
深圳,2025-06-28,优,20,4,3,12,9,7,0.56,32
深圳,2025-06-29,优,24,19,5,12,9,7,0.58,36
深圳,2025-06-30,优,20,4,4,10,8,7,0.57,32
深圳,2025-07-01,优,16,2,4,12,10,7,0.60,22
深圳,2025-07-02,优,18,3,7,17,9,7,0.57,30
成都,2025-01-01,轻度污染,128,278,97,121,51,3,0.87,49
成都,2025-01-02,轻度污染,112,252,85,110,53,3,0.91,40
成都,2025-01-03,轻度污染,138,270,105,133,54,3,1.04,44
成都,2025-01-04,轻度污染,135,258,103,128,47,3,0.87,37
成都,2025-01-05,良,85,167,63,80,37,3,0.73,42
成都,2025-01-06,良,85,230,63,81,40,2,0.73,29
成都,2025-01-07,良,61,164,44,58,29,2,0.59,34
成都,2025-01-08,优,47,101,30,47,29,2,0.53,45
成都,2025-01-09,良,54,183,38,56,34,2,0.57,39
成都,2025-01-10,良,55,179,39,49,26,2,0.58,31
成都,2025-01-11,优,40,35,25,40,27,2,0.53,51
成都,2025-01-12,良,74,212,54,77,47,3,0.76,25
成都,2025-01-13,良,91,236,68,91,39,2,0.75,39
成都,2025-01-14,良,66,159,48,63,33,2,0.60,46
成都,2025-01-15,良,64,215,46,62,31,2,0.53,41
成都,2025-01-16,良,69,241,50,67,33,2,0.60,24
成都,2025-01-17,良,86,268,64,84,45,2,0.70,14
成都,2025-01-18,良,56,70,40,57,28,2,0.61,48
成都,2025-01-19,良,72,144,53,68,32,2,0.73,50
成都,2025-01-20,良,86,171,64,80,35,3,0.78,54
成都,2025-01-21,轻度污染,120,225,91,112,46,2,0.92,39
成都,2025-01-22,中度污染,159,274,121,148,45,3,0.99,22
成都,2025-01-23,重度污染,207,297,157,184,47,3,1.20,8
成都,2025-01-24,良,90,201,67,78,24,2,0.95,26
成都,2025-01-25,优,36,48,25,32,16,2,0.85,60
成都,2025-01-26,良,66,205,26,82,16,3,0.52,58
成都,2025-01-27,良,74,293,40,99,21,3,0.50,42
成都,2025-01-28,良,75,254,55,94,18,3,0.57,49
成都,2025-01-29,重度污染,225,277,175,212,24,4,0.66,52
成都,2025-01-30,良,96,224,72,105,17,3,0.62,50
成都,2025-01-31,良,59,153,42,52,13,2,0.59,38
成都,2025-02-01,优,34,46,24,31,15,2,0.55,37
成都,2025-02-02,优,43,110,30,36,15,3,0.59,37
成都,2025-02-03,优,39,111,27,38,16,2,0.53,48
成都,2025-02-04,优,49,187,31,49,22,3,0.53,44
成都,2025-02-05,优,39,65,26,39,14,3,0.53,48
成都,2025-02-06,优,31,19,18,30,13,2,0.42,52
成都,2025-02-07,优,36,87,24,36,19,3,0.50,37
成都,2025-02-08,优,28,11,17,24,17,3,0.48,43
成都,2025-02-09,优,36,30,25,36,23,3,0.53,31
成都,2025-02-10,优,49,80,34,49,25,2,0.61,36
成都,2025-02-11,良,70,167,51,73,37,3,0.66,32
成都,2025-02-12,良,62,135,28,73,18,3,0.43,59
成都,2025-02-13,良,57,131,24,64,18,3,0.43,49
成都,2025-02-14,良,54,104,29,57,25,3,0.50,41
成都,2025-02-15,优,40,30,25,40,26,3,0.55,45
成都,2025-02-16,良,55,140,39,55,29,3,0.64,45
成都,2025-02-17,良,55,168,39,55,30,4,0.63,44
成都,2025-02-18,良,61,227,44,56,28,3,0.65,24
成都,2025-02-19,优,44,93,31,43,25,3,0.58,39
成都,2025-02-20,优,50,147,35,45,25,3,0.61,34
成都,2025-02-21,优,40,102,28,38,27,3,0.59,20
成都,2025-02-22,优,24,12,17,22,19,3,0.62,35
成都,2025-02-23,优,39,109,27,34,20,3,0.63,38
成都,2025-02-24,优,24,6,16,24,19,3,0.63,35
成都,2025-02-25,优,30,13,13,21,20,3,0.65,50
成都,2025-02-26,优,40,33,27,40,23,3,0.69,58
成都,2025-02-27,良,69,159,50,69,35,4,0.78,41
成都,2025-02-28,良,79,207,58,77,36,4,0.87,49
成都,2025-03-01,良,84,232,62,85,48,4,0.91,47
成都,2025-03-02,良,78,299,57,82,34,4,0.79,44
成都,2025-03-03,优,45,195,28,45,21,3,0.62,65
成都,2025-03-04,优,32,64,17,30,26,4,0.73,43
成都,2025-03-05,优,38,94,23,33,30,4,0.78,28
成都,2025-03-06,优,32,56,13,25,26,4,0.55,49
成都,2025-03-07,优,37,54,22,37,29,4,0.54,41
成都,2025-03-08,优,33,27,23,33,24,4,0.56,47
成都,2025-03-09,优,50,68,34,51,29,4,0.63,42
成都,2025-03-10,良,65,151,47,68,42,4,0.83,32
成都,2025-03-11,良,69,168,50,68,32,4,0.76,49
成都,2025-03-12,良,84,209,40,118,27,4,0.58,58
成都,2025-03-13,良,62,188,28,74,28,4,0.60,54
成都,2025-03-14,良,55,223,32,60,26,4,0.72,47
成都,2025-03-15,优,33,61,18,30,24,4,0.58,54
成都,2025-03-16,优,41,89,17,41,25,4,0.54,53
成都,2025-03-17,优,39,28,21,39,26,4,0.59,46
成都,2025-03-18,优,39,31,21,39,31,4,0.63,40
成都,2025-03-19,良,52,135,35,54,34,4,0.73,32
成都,2025-03-20,良,58,151,35,57,46,4,0.74,42
成都,2025-03-21,良,54,85,35,58,43,4,0.70,48
成都,2025-03-22,良,66,142,45,73,53,5,0.80,32
成都,2025-03-23,良,59,66,40,68,41,5,0.76,51
成都,2025-03-24,良,52,48,27,53,41,5,0.72,62
成都,2025-03-25,良,65,101,37,68,52,5,0.94,74
成都,2025-03-26,良,90,173,52,85,48,7,0.98,108
成都,2025-03-27,轻度污染,140,286,79,231,34,5,0.75,75
成都,2025-03-28,良,90,248,29,129,14,4,0.53,76
成都,2025-03-29,良,58,206,19,65,16,4,0.57,70
成都,2025-03-30,优,46,158,20,46,20,4,0.61,54
成都,2025-03-31,优,35,58,24,35,28,4,0.70,32
成都,2025-04-01,良,56,150,40,59,31,4,0.80,20
成都,2025-04-02,良,54,118,25,59,25,4,0.63,61
成都,2025-04-03,良,62,131,34,75,39,4,0.77,65
成都,2025-04-04,良,66,116,48,82,32,4,0.80,73
成都,2025-04-05,优,46,36,19,39,17,4,0.59,76
成都,2025-04-06,优,49,52,24,49,25,4,0.66,58
成都,2025-04-07,良,56,60,33,63,28,4,0.75,74
成都,2025-04-08,良,72,152,39,74,35,4,0.83,87
成都,2025-04-09,良,78,214,42,82,43,5,0.92,91
成都,2025-04-10,良,80,233,38,82,35,5,0.83,99
成都,2025-04-11,良,60,104,40,70,25,5,0.75,81
成都,2025-04-12,中度污染,154,217,74,258,17,4,0.47,63
成都,2025-04-13,中度污染,157,266,68,264,28,5,0.58,56
成都,2025-04-14,良,92,225,46,135,50,6,0.83,53
成都,2025-04-15,良,98,277,50,147,44,6,0.78,77
成都,2025-04-16,良,97,244,54,144,40,7,0.74,92
成都,2025-04-17,良,99,270,38,85,24,5,0.67,124
成都,2025-04-18,良,100,274,42,89,35,6,0.77,110
成都,2025-04-19,良,81,204,27,64,16,5,0.54,114
成都,2025-04-20,良,90,290,32,69,27,5,0.70,100
成都,2025-04-21,良,64,212,38,77,26,5,0.61,60
成都,2025-04-22,良,66,251,31,82,22,5,0.53,61
成都,2025-04-23,良,75,246,42,100,21,5,0.49,78
成都,2025-04-24,良,52,137,15,34,17,4,0.39,83
成都,2025-04-25,优,44,79,18,40,20,4,0.45,66
成都,2025-04-26,优,42,58,21,42,20,4,0.46,58
成都,2025-04-27,优,46,103,20,37,24,4,0.50,68
成都,2025-04-28,良,54,165,29,57,38,5,0.60,68
成都,2025-04-29,优,48,36,16,30,20,4,0.47,72
成都,2025-04-30,优,45,37,16,33,23,5,0.48,69
成都,2025-05-01,良,52,143,24,47,28,5,0.56,80
成都,2025-05-02,良,70,180,34,67,34,5,0.65,85
成都,2025-05-03,良,72,205,41,80,33,6,0.67,89
成都,2025-05-04,良,68,185,35,61,24,5,0.59,86
成都,2025-05-05,良,61,182,13,31,13,4,0.43,86
成都,2025-05-06,优,44,73,15,30,21,5,0.47,71
成都,2025-05-07,优,50,93,17,32,21,5,0.53,75
成都,2025-05-08,优,49,88,21,33,17,4,0.58,78
成都,2025-05-09,中度污染,171,322,72,292,20,4,0.42,76
成都,2025-05-10,良,85,322,41,120,20,5,0.47,85
成都,2025-05-11,良,63,180,35,73,19,6,0.54,94
成都,2025-05-12,良,93,290,44,71,31,7,0.69,113
成都,2025-05-13,轻度污染,101,274,27,48,18,5,0.57,129
成都,2025-05-14,良,70,155,51,81,23,6,0.66,92
成都,2025-05-15,良,60,148,34,70,26,5,0.57,81
成都,2025-05-16,良,60,156,38,69,30,8,0.69,67
成都,2025-05-17,良,80,236,59,90,31,8,0.77,60
成都,2025-05-18,轻度污染,110,313,83,114,33,7,0.86,110
成都,2025-05-19,轻度污染,101,289,43,67,23,7,0.68,111
成都,2025-05-20,轻度污染,109,296,44,72,33,7,0.74,122
成都,2025-05-21,轻度污染,113,305,57,87,39,7,0.84,113
成都,2025-05-22,良,100,314,43,60,18,5,0.67,129
成都,2025-05-23,良,71,276,34,72,19,6,0.50,93
成都,2025-05-24,良,53,129,24,56,15,5,0.43,86
成都,2025-05-25,良,72,190,25,49,15,5,0.46,108
成都,2025-05-26,良,83,222,37,64,15,7,0.57,116
成都,2025-05-27,优,47,61,24,35,15,5,0.60,68
成都,2025-05-28,优,46,78,14,25,17,5,0.54,79
成都,2025-05-29,优,49,110,27,41,23,5,0.67,76
成都,2025-05-30,优,43,83,30,39,19,5,0.65,66
成都,2025-05-31,优,36,76,13,27,15,5,0.56,61
成都,2025-06-01,优,45,104,20,35,20,5,0.65,55
成都,2025-06-02,优,41,106,14,28,24,5,0.63,57
成都,2025-06-03,优,48,148,23,45,35,5,0.66,62
成都,2025-06-04,良,70,215,32,54,34,5,0.68,81
成都,2025-06-05,良,67,156,36,56,29,5,0.67,96
成都,2025-06-06,良,82,220,42,64,33,5,0.74,98
成都,2025-06-07,良,89,282,32,50,21,5,0.64,102
成都,2025-06-08,良,92,276,34,51,24,6,0.67,112
成都,2025-06-09,良,72,241,26,43,25,5,0.64,92
成都,2025-06-10,良,79,270,19,37,24,5,0.56,103
成都,2025-06-11,轻度污染,115,307,22,44,20,6,0.57,141
成都,2025-06-12,轻度污染,115,291,28,48,26,8,0.69,130
成都,2025-06-13,轻度污染,111,290,28,51,24,6,0.68,136
成都,2025-06-14,良,68,229,33,54,27,6,0.73,83
成都,2025-06-15,轻度污染,105,298,16,32,13,5,0.52,149
成都,2025-06-16,轻度污染,120,330,20,40,23,6,0.62,146
成都,2025-06-17,轻度污染,133,329,28,49,25,7,0.70,149
成都,2025-06-18,良,68,208,10,17,9,4,0.56,84
成都,2025-06-19,优,47,181,14,26,20,4,0.65,69
成都,2025-06-20,优,48,204,21,39,31,5,0.72,59
成都,2025-06-21,良,68,248,14,25,16,4,0.58,103
成都,2025-06-22,良,76,245,16,27,13,4,0.58,98
成都,2025-06-23,优,47,127,17,29,16,4,0.58,74
成都,2025-06-24,优,48,116,10,15,12,4,0.55,83
成都,2025-06-25,良,58,140,12,20,13,4,0.60,91
成都,2025-06-26,良,56,148,16,28,18,4,0.65,79
成都,2025-06-27,良,67,205,24,39,28,4,0.74,92
成都,2025-06-28,良,78,267,26,42,27,4,0.76,93
成都,2025-06-29,优,50,183,17,26,19,4,0.65,75
成都,2025-06-30,良,58,244,9,17,12,4,0.55,90
成都,2025-07-01,良,59,260,8,16,10,4,0.54,85
成都,2025-07-02,优,48,203,18,32,17,5,0.67,75
武汉,2025-01-01,轻度污染,126,277,96,125,71,13,1.07,45
武汉,2025-01-02,中度污染,171,314,130,157,59,11,1.08,63
武汉,2025-01-03,重度污染,201,322,151,183,54,12,1.24,56
武汉,2025-01-04,重度污染,214,317,164,198,54,11,1.23,52
武汉,2025-01-05,良,72,114,53,60,27,7,0.68,62
武汉,2025-01-06,良,78,191,57,85,37,9,0.82,45
武汉,2025-01-07,良,58,132,36,65,30,10,0.54,49
武汉,2025-01-08,良,61,187,44,65,46,11,0.62,34
武汉,2025-01-09,优,47,127,31,47,23,10,0.53,48
武汉,2025-01-10,优,43,74,30,41,31,10,0.58,47
武汉,2025-01-11,良,78,268,57,72,40,11,0.61,53
武汉,2025-01-12,良,80,243,59,86,47,10,0.74,54
武汉,2025-01-13,轻度污染,104,288,78,108,70,12,1.10,39
武汉,2025-01-14,良,100,262,75,112,54,11,0.93,45
武汉,2025-01-15,良,60,186,28,69,21,9,0.51,56
武汉,2025-01-16,良,62,177,41,72,50,10,0.66,35
武汉,2025-01-17,良,88,280,65,95,59,11,0.88,42
武汉,2025-01-18,良,92,232,69,91,59,11,0.95,43
武汉,2025-01-19,轻度污染,134,307,102,126,72,11,1.09,41
武汉,2025-01-20,轻度污染,150,301,115,139,80,12,1.40,54
武汉,2025-01-21,轻度污染,139,264,106,128,68,14,1.34,68
武汉,2025-01-22,轻度污染,128,245,97,112,61,13,1.16,61
武汉,2025-01-23,重度污染,229,315,179,194,36,12,1.33,59
武汉,2025-01-24,良,96,217,72,82,25,7,0.93,20
武汉,2025-01-25,优,28,18,13,14,11,6,0.55,55
武汉,2025-01-26,优,38,68,23,35,12,6,0.65,64
武汉,2025-01-27,良,54,215,19,57,11,8,0.61,70
武汉,2025-01-28,良,59,168,41,68,19,11,0.81,65
武汉,2025-01-29,中度污染,200,252,150,177,21,16,0.97,64
武汉,2025-01-30,良,70,171,51,66,17,12,0.76,70
武汉,2025-01-31,轻度污染,126,287,96,97,13,8,0.97,40
武汉,2025-02-01,良,68,218,49,46,10,7,1.01,26
武汉,2025-02-02,良,56,174,40,35,14,7,1.13,17
武汉,2025-02-03,良,88,282,65,68,12,8,0.93,57
武汉,2025-02-04,良,88,319,65,72,26,8,0.90,55
武汉,2025-02-05,良,61,281,44,62,29,9,0.76,51
武汉,2025-02-06,优,39,68,27,38,28,10,0.77,49
武汉,2025-02-07,良,70,263,26,91,16,8,0.58,59
武汉,2025-02-08,优,39,130,16,39,13,9,0.54,65
武汉,2025-02-09,优,44,128,31,43,28,11,0.72,55
武汉,2025-02-10,良,60,193,43,54,32,13,0.89,55
武汉,2025-02-11,良,75,197,55,67,49,13,1.20,21
武汉,2025-02-12,良,92,261,69,96,25,10,0.88,52
武汉,2025-02-13,轻度污染,118,317,89,122,32,12,1.03,65
武汉,2025-02-14,良,82,260,61,80,39,8,0.88,45
武汉,2025-02-15,良,85,245,63,81,33,8,0.75,51
武汉,2025-02-16,良,81,281,60,88,52,8,0.80,41
武汉,2025-02-17,良,64,226,39,78,35,10,0.73,58
武汉,2025-02-18,良,71,267,52,78,32,11,0.92,69
武汉,2025-02-19,良,64,248,46,62,31,10,0.86,68
武汉,2025-02-20,良,90,302,67,82,30,9,0.82,57
武汉,2025-02-21,良,90,276,67,74,29,8,0.80,47
武汉,2025-02-22,良,84,291,62,63,22,7,0.65,44
武汉,2025-02-23,轻度污染,112,316,85,90,18,6,0.80,67
武汉,2025-02-24,轻度污染,120,320,91,99,22,8,0.91,79
武汉,2025-02-25,轻度污染,119,317,90,97,32,7,0.82,65
武汉,2025-02-26,良,99,275,74,81,39,8,0.83,64
武汉,2025-02-27,良,65,145,47,64,36,7,0.90,55
武汉,2025-02-28,良,75,194,55,92,49,9,1.18,23
武汉,2025-03-01,良,70,195,51,85,53,9,1.11,34
武汉,2025-03-02,优,40,79,21,40,25,8,0.71,45
武汉,2025-03-03,优,28,21,8,11,14,5,0.51,53
武汉,2025-03-04,优,41,141,29,29,15,5,0.55,57
武汉,2025-03-05,优,47,157,33,36,15,6,0.57,65
武汉,2025-03-06,良,71,263,52,57,15,6,0.58,82
武汉,2025-03-07,良,79,273,58,68,33,7,0.67,81
武汉,2025-03-08,良,91,285,68,86,49,7,0.80,63
武汉,2025-03-09,良,79,202,58,72,30,8,0.73,64
武汉,2025-03-10,良,66,163,48,58,26,6,0.61,57
武汉,2025-03-11,良,65,152,47,68,47,8,1.01,17
武汉,2025-03-12,良,71,175,52,67,29,6,0.82,41
武汉,2025-03-13,良,62,187,45,62,29,6,0.75,51
武汉,2025-03-14,优,49,178,34,43,21,6,0.66,35
武汉,2025-03-15,优,36,97,17,29,13,5,0.38,69
武汉,2025-03-16,优,46,202,28,46,21,6,0.40,69
武汉,2025-03-17,优,47,126,23,34,25,6,0.41,75
武汉,2025-03-18,良,52,211,27,47,27,8,0.40,83
武汉,2025-03-19,良,58,227,32,56,39,8,0.54,77
武汉,2025-03-20,良,65,224,36,59,52,8,0.57,71
武汉,2025-03-21,良,61,175,35,61,49,8,0.54,71
武汉,2025-03-22,良,74,223,41,70,59,9,0.72,64
武汉,2025-03-23,良,68,109,49,71,53,8,0.77,42
武汉,2025-03-24,良,60,82,43,60,30,7,0.63,76
武汉,2025-03-25,良,66,104,34,60,35,8,0.60,94
武汉,2025-03-26,良,78,109,51,80,33,9,0.87,103
武汉,2025-03-27,良,100,210,51,149,25,8,0.73,73
武汉,2025-03-28,良,72,193,24,94,11,6,0.40,75
武汉,2025-03-29,良,70,259,31,91,14,5,0.49,70
武汉,2025-03-30,良,72,280,40,94,21,7,0.58,72
武汉,2025-03-31,良,75,278,49,100,26,7,0.65,71
武汉,2025-04-01,良,70,244,48,91,37,7,0.65,74
武汉,2025-04-02,良,66,233,41,83,50,8,0.66,73
武汉,2025-04-03,良,90,286,38,71,32,9,0.71,112
武汉,2025-04-04,良,70,159,51,86,46,12,0.88,78
武汉,2025-04-05,良,73,225,52,96,41,8,0.69,79
武汉,2025-04-06,良,74,213,45,98,50,8,0.77,78
武汉,2025-04-07,良,72,163,45,95,54,9,0.84,70
武汉,2025-04-08,良,72,154,53,94,51,9,0.98,76
武汉,2025-04-09,良,74,192,53,96,51,8,0.97,83
武汉,2025-04-10,良,76,214,29,57,30,7,0.66,94
武汉,2025-04-11,良,60,106,36,70,34,8,0.99,67
武汉,2025-04-12,中度污染,166,226,60,281,7,6,0.41,90
武汉,2025-04-13,轻度污染,114,217,48,177,17,7,0.50,84
武汉,2025-04-14,良,100,245,47,150,17,7,0.47,89
武汉,2025-04-15,良,67,158,26,64,41,8,0.59,80
武汉,2025-04-16,良,62,83,33,73,35,10,0.77,83
武汉,2025-04-17,良,71,131,46,87,34,9,0.78,91
武汉,2025-04-18,良,88,228,45,90,21,10,0.80,120
武汉,2025-04-19,良,68,240,35,85,21,8,0.70,90
武汉,2025-04-20,良,88,282,37,68,21,8,0.81,113
武汉,2025-04-21,优,48,96,23,39,15,7,0.75,66
武汉,2025-04-22,良,54,172,35,57,12,6,0.68,90
武汉,2025-04-23,良,65,198,33,70,22,7,0.55,93
武汉,2025-04-24,良,61,207,31,72,29,8,0.51,65
武汉,2025-04-25,良,64,223,39,79,26,7,0.63,89
武汉,2025-04-26,良,87,285,23,49,16,9,0.60,120
武汉,2025-04-27,良,56,183,29,51,21,7,0.64,80
武汉,2025-04-28,良,79,282,30,63,22,8,0.59,110
武汉,2025-04-29,良,83,244,24,53,34,9,0.55,104
武汉,2025-04-30,良,68,153,24,45,18,8,0.51,92
武汉,2025-05-01,良,59,199,26,56,14,7,0.46,96
武汉,2025-05-02,良,72,193,23,63,22,8,0.45,103
武汉,2025-05-03,良,73,217,24,66,19,8,0.55,103
武汉,2025-05-04,良,90,296,29,58,17,8,0.79,120
武汉,2025-05-05,良,78,235,23,40,12,7,0.62,111
武汉,2025-05-06,轻度污染,117,276,59,184,22,7,0.50,90
武汉,2025-05-07,轻度污染,138,299,79,226,32,9,0.68,97
武汉,2025-05-08,良,52,106,25,54,14,6,0.72,76
武汉,2025-05-09,良,53,167,22,46,13,6,0.53,90
武汉,2025-05-10,优,50,101,20,45,18,7,0.43,81
武汉,2025-05-11,优,50,59,28,45,16,7,0.46,85
武汉,2025-05-12,良,72,140,24,41,25,8,0.48,98
武汉,2025-05-13,良,75,106,35,54,29,9,0.67,105
武汉,2025-05-14,良,86,246,49,74,27,9,0.78,103
武汉,2025-05-15,良,54,107,32,48,17,6,0.80,86
武汉,2025-05-16,良,68,194,29,45,20,6,0.70,97
武汉,2025-05-17,良,63,188,29,60,25,6,0.67,86
武汉,2025-05-18,轻度污染,128,320,66,205,24,7,0.72,104
武汉,2025-05-19,良,76,213,50,101,22,6,0.77,98
武汉,2025-05-20,良,51,142,18,38,14,5,0.63,67
武汉,2025-05-21,优,42,110,13,32,14,6,0.64,68
武汉,2025-05-22,优,42,105,9,20,15,6,0.65,58
武汉,2025-05-23,良,62,229,36,48,10,6,0.65,103
武汉,2025-05-24,良,73,255,39,51,14,6,0.60,115
武汉,2025-05-25,良,97,306,35,51,22,7,0.77,130
武汉,2025-05-26,良,95,267,33,50,22,7,0.74,119
武汉,2025-05-27,良,99,255,43,65,26,7,0.89,123
武汉,2025-05-28,良,66,161,24,38,16,6,0.69,96
武汉,2025-05-29,良,78,186,21,33,18,7,0.70,108
武汉,2025-05-30,良,71,165,19,33,18,7,0.63,103
武汉,2025-05-31,优,38,88,6,12,12,6,0.65,55
武汉,2025-06-01,良,52,153,3,7,9,5,0.72,77
武汉,2025-06-02,良,54,196,13,20,10,6,0.55,99
武汉,2025-06-03,良,82,283,34,50,28,7,0.71,98
武汉,2025-06-04,轻度污染,116,304,41,65,38,8,0.98,123
武汉,2025-06-05,良,97,252,27,46,24,8,0.77,107
武汉,2025-06-06,良,59,132,23,43,20,6,0.64,80
武汉,2025-06-07,优,38,61,8,19,14,6,0.63,59
武汉,2025-06-08,优,34,32,5,14,12,6,0.56,63
武汉,2025-06-09,优,40,76,6,15,14,6,0.66,74
武汉,2025-06-10,优,36,66,14,33,29,6,0.77,38
武汉,2025-06-11,优,46,113,15,33,24,6,0.65,69
武汉,2025-06-12,良,62,156,23,40,14,6,0.73,97
武汉,2025-06-13,良,59,142,22,43,18,6,0.81,77
武汉,2025-06-14,优,44,113,12,26,18,6,0.56,64
武汉,2025-06-15,良,72,196,12,42,15,6,0.38,110
武汉,2025-06-16,良,66,209,16,42,14,6,0.49,100
武汉,2025-06-17,良,58,142,16,40,16,6,0.74,78
武汉,2025-06-18,优,42,122,8,23,10,6,0.52,59
武汉,2025-06-19,优,20,39,5,11,8,5,0.48,28
武汉,2025-06-20,优,18,11,5,12,10,5,0.44,34
武汉,2025-06-21,优,43,154,4,8,9,6,0.47,78
武汉,2025-06-22,优,43,111,9,16,12,6,0.50,73
武汉,2025-06-23,优,38,86,15,25,17,6,0.58,60
武汉,2025-06-24,优,48,118,14,26,16,7,0.59,76
武汉,2025-06-25,良,68,182,23,42,18,6,0.80,93
武汉,2025-06-26,优,48,121,13,29,17,6,0.57,61
武汉,2025-06-27,优,29,49,9,21,23,6,0.53,39
武汉,2025-06-28,优,31,80,8,20,14,6,0.48,45
武汉,2025-06-29,优,32,73,4,11,12,6,0.38,53
武汉,2025-06-30,优,36,116,9,21,15,7,0.50,58
武汉,2025-07-01,优,37,125,7,19,11,7,0.40,60
武汉,2025-07-02,优,36,114,5,17,12,7,0.40,57
杭州,2025-01-01,良,90,185,67,117,62,7,0.82,30
杭州,2025-01-02,良,85,200,63,101,57,6,0.75,32
杭州,2025-01-03,良,76,184,56,87,57,7,0.82,34
杭州,2025-01-04,良,85,165,63,97,57,6,0.82,36
杭州,2025-01-05,轻度污染,104,233,78,111,60,6,0.86,36
杭州,2025-01-06,良,81,209,60,96,48,7,0.84,44
杭州,2025-01-07,良,75,243,55,97,51,8,0.85,31
杭州,2025-01-08,良,79,274,58,92,56,7,0.85,26
杭州,2025-01-09,优,49,137,28,49,29,8,0.65,47
杭州,2025-01-10,优,47,105,26,47,34,7,0.57,43
杭州,2025-01-11,良,65,190,43,67,52,8,0.70,24
杭州,2025-01-12,良,66,180,48,75,47,8,0.71,41
杭州,2025-01-13,良,81,176,60,97,62,7,0.80,34
杭州,2025-01-14,良,88,228,61,101,70,8,0.80,32
杭州,2025-01-15,良,58,178,30,65,24,7,0.59,57
杭州,2025-01-16,良,55,105,24,53,44,7,0.60,28
杭州,2025-01-17,良,68,157,45,76,54,7,0.72,31
杭州,2025-01-18,良,86,203,64,96,65,7,0.77,32
杭州,2025-01-19,良,78,163,57,83,59,7,0.80,43
杭州,2025-01-20,轻度污染,108,224,81,113,57,8,0.93,61
杭州,2025-01-21,轻度污染,146,276,112,144,61,8,1.01,61
杭州,2025-01-22,轻度污染,136,253,104,128,51,7,0.94,56
杭州,2025-01-23,良,79,162,58,76,40,6,0.72,46
杭州,2025-01-24,优,47,68,27,47,20,6,0.53,72
杭州,2025-01-25,优,40,82,18,35,22,6,0.51,67
杭州,2025-01-26,优,39,75,26,39,15,6,0.71,74
杭州,2025-01-27,优,41,110,15,37,8,6,0.50,77
杭州,2025-01-28,优,44,57,24,44,9,7,0.46,77
杭州,2025-01-29,轻度污染,148,198,113,146,15,10,0.57,73
杭州,2025-01-30,良,71,172,52,69,17,7,0.60,67
杭州,2025-01-31,良,62,165,45,58,20,6,0.67,36
杭州,2025-02-01,优,30,25,17,21,11,5,0.69,55
杭州,2025-02-02,优,50,138,35,50,10,6,0.71,66
杭州,2025-02-03,良,81,274,60,78,13,6,0.81,66
杭州,2025-02-04,良,56,235,40,52,14,6,0.71,61
杭州,2025-02-05,优,40,75,25,37,15,6,0.58,66
杭州,2025-02-06,良,62,246,45,65,22,7,0.73,66
杭州,2025-02-07,良,54,196,28,57,16,6,0.57,59
杭州,2025-02-08,优,37,91,12,30,11,7,0.48,67
杭州,2025-02-09,优,37,33,24,37,20,8,0.62,60
杭州,2025-02-10,良,55,145,39,54,33,7,0.67,52
杭州,2025-02-11,良,84,227,62,82,50,7,0.82,23
杭州,2025-02-12,良,95,273,71,90,30,6,0.89,36
杭州,2025-02-13,轻度污染,108,307,81,99,27,7,0.83,68
杭州,2025-02-14,良,71,210,52,74,52,6,0.70,29
杭州,2025-02-15,良,86,246,64,82,50,6,0.88,9
杭州,2025-02-16,优,43,69,30,43,32,6,0.81,43
杭州,2025-02-17,良,66,233,45,83,27,7,0.68,69
杭州,2025-02-18,优,42,99,28,42,26,7,0.53,68
杭州,2025-02-19,良,59,208,42,65,36,7,0.60,63
杭州,2025-02-20,优,46,125,32,45,21,6,0.52,77
杭州,2025-02-21,优,38,85,19,29,25,6,0.48,65
杭州,2025-02-22,良,54,199,38,54,26,6,0.53,74
杭州,2025-02-23,良,89,290,66,78,28,6,0.64,68
杭州,2025-02-24,良,84,278,62,77,30,6,0.64,69
杭州,2025-02-25,良,100,287,75,100,49,6,0.78,36
杭州,2025-02-26,良,90,256,67,89,41,6,0.75,48
杭州,2025-02-27,良,88,234,65,85,45,6,0.82,38
杭州,2025-02-28,优,47,67,33,47,37,6,0.78,49
杭州,2025-03-01,优,50,107,31,50,40,6,0.70,50
杭州,2025-03-02,优,50,183,31,51,40,6,0.68,46
杭州,2025-03-03,优,32,38,17,26,22,5,0.68,50
杭州,2025-03-04,优,31,55,12,18,17,6,0.56,54
杭州,2025-03-05,优,37,92,26,35,22,6,0.58,50
杭州,2025-03-06,优,44,128,31,43,21,6,0.50,75
杭州,2025-03-07,良,68,223,49,69,34,6,0.60,60
杭州,2025-03-08,良,68,193,49,73,39,6,0.58,57
杭州,2025-03-09,良,60,135,43,63,32,7,0.49,74
杭州,2025-03-10,良,74,195,54,82,45,6,0.64,25
杭州,2025-03-11,良,70,173,51,78,47,7,0.70,40
杭州,2025-03-12,良,54,97,32,51,43,6,0.59,22
杭州,2025-03-13,优,40,67,18,30,32,6,0.46,51
杭州,2025-03-14,优,45,139,19,40,36,6,0.41,43
杭州,2025-03-15,优,34,69,13,18,24,5,0.47,62
杭州,2025-03-16,优,48,235,32,48,18,6,0.48,75
杭州,2025-03-17,优,48,163,17,33,26,6,0.40,68
杭州,2025-03-18,优,47,119,26,47,35,7,0.45,65
杭州,2025-03-19,良,56,190,35,61,35,7,0.40,69
杭州,2025-03-20,良,56,134,40,63,45,7,0.47,64
杭州,2025-03-21,良,58,128,23,42,42,7,0.44,75
杭州,2025-03-22,良,64,126,29,53,43,7,0.48,81
杭州,2025-03-23,良,63,87,29,55,36,7,0.46,85
杭州,2025-03-24,良,68,133,32,65,31,6,0.46,81
杭州,2025-03-25,良,62,83,32,69,38,7,0.45,83
杭州,2025-03-26,良,78,110,47,80,45,7,0.65,92
杭州,2025-03-27,良,75,138,39,71,24,5,0.62,104
杭州,2025-03-28,良,61,135,23,72,20,5,0.44,66
杭州,2025-03-29,良,59,210,24,68,18,5,0.44,56
杭州,2025-03-30,良,60,242,29,70,22,5,0.48,57
杭州,2025-03-31,优,48,128,16,36,22,6,0.41,79
杭州,2025-04-01,良,55,139,30,53,29,6,0.41,84
杭州,2025-04-02,良,61,187,35,62,36,7,0.45,87
杭州,2025-04-03,良,82,262,47,75,32,7,0.50,101
杭州,2025-04-04,良,66,110,41,71,53,7,0.52,70
杭州,2025-04-05,良,64,166,38,77,37,7,0.57,83
杭州,2025-04-06,良,72,201,47,93,37,7,0.53,97
杭州,2025-04-07,良,91,276,41,82,43,7,0.55,99
杭州,2025-04-08,良,77,189,36,69,38,7,0.57,97
杭州,2025-04-09,良,83,241,44,81,39,7,0.67,99
杭州,2025-04-10,良,82,243,37,70,26,5,0.57,104
杭州,2025-04-11,良,73,190,40,75,36,6,0.62,91
杭州,2025-04-12,轻度污染,118,172,48,187,17,5,0.51,69
杭州,2025-04-13,良,78,138,24,107,13,5,0.38,85
杭州,2025-04-14,良,86,209,32,123,14,6,0.41,105
杭州,2025-04-15,良,75,223,21,54,29,6,0.48,93
杭州,2025-04-16,良,62,85,24,51,33,6,0.50,84
杭州,2025-04-17,良,56,31,28,62,26,6,0.51,78
杭州,2025-04-18,良,75,188,37,73,27,5,0.55,101
杭州,2025-04-19,良,70,263,49,91,39,5,0.68,69
杭州,2025-04-20,轻度污染,102,306,53,96,21,6,0.79,141
杭州,2025-04-21,良,57,160,34,54,36,5,0.67,65
杭州,2025-04-22,优,32,15,20,28,21,4,0.70,56
杭州,2025-04-23,良,73,237,28,45,23,5,0.62,103
杭州,2025-04-24,良,54,160,33,58,31,5,0.76,64
杭州,2025-04-25,良,62,196,19,46,20,5,0.47,97
杭州,2025-04-26,良,62,164,29,63,35,7,0.46,81
杭州,2025-04-27,优,50,147,16,34,28,5,0.49,72
杭州,2025-04-28,良,81,287,28,52,24,6,0.61,110
杭州,2025-04-29,轻度污染,109,315,29,53,32,7,0.54,114
杭州,2025-04-30,良,94,249,32,57,26,6,0.58,113
杭州,2025-05-01,良,69,263,24,46,17,6,0.48,105
杭州,2025-05-02,良,76,210,25,52,25,7,0.48,98
杭州,2025-05-03,良,88,287,28,60,20,7,0.54,119
杭州,2025-05-04,良,84,281,14,35,20,7,0.41,109
杭州,2025-05-05,优,44,78,23,38,23,6,0.55,62
杭州,2025-05-06,良,80,234,36,110,20,6,0.54,81
杭州,2025-05-07,良,97,261,41,119,23,7,0.56,123
杭州,2025-05-08,良,58,140,29,67,27,6,0.58,64
杭州,2025-05-09,优,36,15,9,17,20,5,0.54,52
杭州,2025-05-10,优,47,69,12,25,18,6,0.45,78
杭州,2025-05-11,良,72,280,16,28,18,6,0.38,105
杭州,2025-05-12,良,78,177,26,43,30,6,0.47,99
杭州,2025-05-13,良,90,206,27,43,29,6,0.44,113
杭州,2025-05-14,良,96,288,28,45,27,7,0.48,115
杭州,2025-05-15,良,80,269,58,93,43,7,0.70,86
杭州,2025-05-16,良,58,151,41,58,22,6,0.83,66
杭州,2025-05-17,优,42,87,20,29,21,6,0.67,58
杭州,2025-05-18,良,64,183,27,78,26,6,0.49,77
杭州,2025-05-19,良,52,125,23,47,21,6,0.58,77
杭州,2025-05-20,优,34,62,17,27,20,6,0.61,41
杭州,2025-05-21,优,36,77,7,15,15,5,0.48,59
杭州,2025-05-22,良,61,174,21,36,23,6,0.56,78
杭州,2025-05-23,优,42,84,11,17,17,5,0.52,64
杭州,2025-05-24,良,69,232,27,39,17,6,0.56,115
杭州,2025-05-25,良,96,303,41,60,25,6,0.65,123
杭州,2025-05-26,良,99,282,35,53,28,7,0.56,116
杭州,2025-05-27,良,100,259,33,53,31,7,0.48,107
杭州,2025-05-28,良,58,132,23,37,24,6,0.44,78
杭州,2025-05-29,良,74,178,17,28,20,6,0.35,99
杭州,2025-05-30,良,82,184,34,50,27,7,0.44,106
杭州,2025-05-31,良,92,262,35,48,24,6,0.49,111
杭州,2025-06-01,优,50,133,14,19,16,6,0.51,86
杭州,2025-06-02,优,43,118,7,10,13,5,0.55,75
杭州,2025-06-03,良,85,287,18,28,17,6,0.50,118
杭州,2025-06-04,良,84,263,28,45,30,6,0.55,96
杭州,2025-06-05,良,86,228,21,36,30,6,0.44,106
杭州,2025-06-06,良,92,244,18,34,25,7,0.41,112
杭州,2025-06-07,良,55,161,35,60,37,6,0.65,52
杭州,2025-06-08,优,27,7,14,23,21,6,0.57,41
杭州,2025-06-09,优,27,3,14,21,20,6,0.50,43
杭州,2025-06-10,优,30,15,12,18,22,5,0.55,41
杭州,2025-06-11,优,40,76,12,18,19,5,0.45,69
杭州,2025-06-12,优,48,110,22,30,18,5,0.43,81
杭州,2025-06-13,优,33,49,16,24,22,6,0.44,33
杭州,2025-06-14,优,31,63,10,18,16,5,0.42,36
杭州,2025-06-15,优,28,16,4,6,11,5,0.37,52
杭州,2025-06-16,良,64,199,9,18,9,5,0.37,104
杭州,2025-06-17,良,71,181,20,41,16,6,0.45,99
杭州,2025-06-18,良,71,216,19,35,22,6,0.53,78
杭州,2025-06-19,优,44,171,13,23,16,6,0.50,57
杭州,2025-06-20,优,32,128,11,19,15,6,0.45,45
杭州,2025-06-21,优,32,93,11,20,15,6,0.51,53
杭州,2025-06-22,优,34,67,13,18,20,6,0.62,51
杭州,2025-06-23,优,36,71,10,13,14,6,0.60,63
杭州,2025-06-24,优,42,97,18,24,16,5,0.66,69
杭州,2025-06-25,良,72,190,34,49,21,5,0.70,99
杭州,2025-06-26,良,77,217,25,36,19,5,0.58,77
杭州,2025-06-27,优,43,112,9,19,15,5,0.42,50
杭州,2025-06-28,优,42,139,8,17,12,5,0.38,61
杭州,2025-06-29,优,44,154,10,18,13,5,0.40,61
杭州,2025-06-30,优,42,154,13,23,18,6,0.43,52
杭州,2025-07-01,优,36,123,8,19,12,6,0.35,53
杭州,2025-07-02,良,52,224,10,24,14,6,0.40,74
重庆,2025-01-01,轻度污染,132,285,101,122,47,7,1.07,37
重庆,2025-01-02,中度污染,154,302,118,141,53,8,1.20,23
重庆,2025-01-03,中度污染,164,302,125,145,42,8,1.21,33
重庆,2025-01-04,轻度污染,145,271,111,128,39,8,1.08,24
重庆,2025-01-05,轻度污染,101,221,76,89,28,7,0.93,36
重庆,2025-01-06,良,99,279,74,91,40,7,1.00,14
重庆,2025-01-07,良,75,242,55,65,30,6,0.85,22
重庆,2025-01-08,优,47,99,33,42,28,5,0.65,31
重庆,2025-01-09,优,47,130,33,43,30,5,0.68,20
重庆,2025-01-10,优,47,98,33,44,29,6,0.64,28
重庆,2025-01-11,良,56,128,40,52,30,6,0.66,33
重庆,2025-01-12,良,62,153,45,61,36,6,0.74,36
重庆,2025-01-13,良,88,208,65,85,43,7,0.85,23
重庆,2025-01-14,轻度污染,102,271,77,92,40,7,0.85,15
重庆,2025-01-15,良,84,304,62,79,32,6,0.75,20
重庆,2025-01-16,良,80,298,59,80,36,7,0.82,22
重庆,2025-01-17,良,88,275,65,87,42,8,0.90,15
重庆,2025-01-18,轻度污染,106,267,80,103,40,8,0.92,15
重庆,2025-01-19,轻度污染,104,241,78,98,36,6,0.95,35
重庆,2025-01-20,轻度污染,112,241,85,107,42,7,0.97,43
重庆,2025-01-21,轻度污染,131,247,100,121,47,8,1.13,23
重庆,2025-01-22,中度污染,181,289,137,161,47,9,1.30,11
重庆,2025-01-23,重度污染,205,296,155,180,45,8,1.37,8
重庆,2025-01-24,良,98,220,73,83,28,7,1.11,17
重庆,2025-01-25,优,34,38,24,31,19,6,0.80,40
重庆,2025-01-26,优,38,64,22,38,17,6,0.54,51
重庆,2025-01-27,良,52,205,32,53,19,6,0.60,43
重庆,2025-01-28,良,72,240,53,84,17,7,0.63,51
重庆,2025-01-29,中度污染,171,220,130,159,21,12,0.78,41
重庆,2025-01-30,轻度污染,136,280,104,130,19,9,0.82,32
重庆,2025-01-31,轻度污染,104,264,78,92,15,6,0.83,23
重庆,2025-02-01,良,82,243,61,76,16,6,0.82,18
重庆,2025-02-02,良,55,167,39,46,17,6,0.86,16
重庆,2025-02-03,优,34,70,24,31,17,6,0.73,24
重庆,2025-02-04,优,37,60,26,34,17,6,0.71,30
重庆,2025-02-05,优,49,178,34,44,18,6,0.70,27
重庆,2025-02-06,优,39,62,27,35,16,6,0.62,34
重庆,2025-02-07,优,33,56,23,32,17,5,0.56,36
重庆,2025-02-08,优,44,179,22,44,15,5,0.42,56
重庆,2025-02-09,良,54,221,29,58,26,7,0.54,34
重庆,2025-02-10,良,59,180,40,68,29,8,0.63,39
重庆,2025-02-11,良,71,180,52,80,35,9,0.70,34
重庆,2025-02-12,良,70,184,51,74,27,6,0.68,32
重庆,2025-02-13,优,42,38,27,42,20,5,0.57,32
重庆,2025-02-14,优,43,52,28,43,23,6,0.62,23
重庆,2025-02-15,优,43,44,30,42,25,6,0.65,23
重庆,2025-02-16,优,49,100,34,48,31,7,0.79,24
重庆,2025-02-17,优,50,129,35,51,30,6,0.66,36
重庆,2025-02-18,优,44,106,30,44,28,7,0.60,37
重庆,2025-02-19,优,49,127,34,49,29,7,0.60,37
重庆,2025-02-20,优,43,106,30,43,21,6,0.56,40
重庆,2025-02-21,优,44,138,31,43,24,7,0.66,35
重庆,2025-02-22,优,39,107,27,38,20,6,0.62,53
重庆,2025-02-23,优,36,68,25,36,21,6,0.61,47
重庆,2025-02-24,优,44,99,31,44,18,5,0.59,58
重庆,2025-02-25,良,61,144,44,61,24,5,0.65,52
重庆,2025-02-26,良,62,142,45,62,35,6,0.78,45
重庆,2025-02-27,良,62,133,45,61,34,8,0.80,56
重庆,2025-02-28,良,68,167,49,68,32,8,0.76,60
重庆,2025-03-01,良,82,230,61,80,35,9,0.81,49
重庆,2025-03-02,良,86,314,64,85,27,9,0.80,58
重庆,2025-03-03,优,38,105,25,38,20,6,0.61,48
重庆,2025-03-04,优,26,29,18,26,21,6,0.65,33
重庆,2025-03-05,优,25,30,15,24,20,6,0.60,36
重庆,2025-03-06,优,31,50,14,24,20,6,0.50,48
重庆,2025-03-07,优,35,41,21,35,25,6,0.49,53
重庆,2025-03-08,优,47,88,33,46,27,6,0.57,44
重庆,2025-03-09,良,51,76,35,52,30,7,0.55,36
重庆,2025-03-10,良,52,85,36,53,27,8,0.60,46
重庆,2025-03-11,良,52,83,36,54,28,8,0.63,48
重庆,2025-03-12,良,71,172,52,72,28,8,0.70,46
重庆,2025-03-13,良,61,186,44,64,25,7,0.69,30
重庆,2025-03-14,良,51,193,35,52,25,7,0.64,30
重庆,2025-03-15,优,34,70,22,34,23,6,0.58,38
重庆,2025-03-16,优,31,13,17,31,20,6,0.46,42
重庆,2025-03-17,优,28,4,18,28,16,6,0.38,47
重庆,2025-03-18,优,33,14,22,33,20,6,0.47,44
重庆,2025-03-19,优,44,52,28,44,28,6,0.53,44
重庆,2025-03-20,良,52,88,33,53,34,7,0.55,57
重庆,2025-03-21,良,60,164,43,67,47,9,0.66,43
重庆,2025-03-22,良,84,273,62,90,54,10,0.82,21
重庆,2025-03-23,良,81,173,60,82,36,8,0.73,61
重庆,2025-03-24,良,61,88,38,63,37,8,0.62,76
重庆,2025-03-25,良,66,105,36,64,44,9,0.69,82
重庆,2025-03-26,良,85,146,39,63,40,10,0.71,102
重庆,2025-03-27,良,94,202,53,117,28,11,0.61,110
重庆,2025-03-28,良,74,199,36,98,12,6,0.38,66
重庆,2025-03-29,优,24,17,15,24,14,5,0.38,43
重庆,2025-03-30,优,30,55,18,30,17,5,0.42,43
重庆,2025-03-31,优,38,72,24,38,23,6,0.52,31
重庆,2025-04-01,优,40,60,26,40,24,7,0.53,38
重庆,2025-04-02,良,52,97,34,53,34,8,0.62,34
重庆,2025-04-03,良,56,63,33,61,38,9,0.71,45
重庆,2025-04-04,良,55,25,37,60,26,8,0.61,64
重庆,2025-04-05,良,68,192,49,75,32,8,0.69,47
重庆,2025-04-06,良,74,212,54,83,30,8,0.72,41
重庆,2025-04-07,良,61,97,43,72,27,8,0.70,68
重庆,2025-04-08,良,70,135,41,74,36,9,0.72,87
重庆,2025-04-09,良,76,198,46,79,40,10,0.81,86
重庆,2025-04-10,良,74,198,41,68,34,9,0.76,91
重庆,2025-04-11,优,45,32,29,45,20,8,0.65,63
重庆,2025-04-12,中度污染,192,251,78,333,17,6,0.40,65
重庆,2025-04-13,重度污染,227,314,95,369,24,8,0.45,65
重庆,2025-04-14,轻度污染,142,285,71,235,37,10,0.59,72
重庆,2025-04-15,轻度污染,102,286,54,154,38,10,0.64,81
重庆,2025-04-16,良,78,149,44,106,35,10,0.66,97
重庆,2025-04-17,良,88,240,44,97,33,10,0.69,108
重庆,2025-04-18,良,95,255,39,80,31,11,0.67,117
重庆,2025-04-19,良,85,169,26,49,17,8,0.55,116
重庆,2025-04-20,良,64,160,18,34,19,9,0.52,88
重庆,2025-04-21,优,49,106,22,43,14,8,0.48,75
重庆,2025-04-22,优,46,87,20,46,14,7,0.41,60
重庆,2025-04-23,良,52,111,25,55,14,6,0.44,64
重庆,2025-04-24,优,39,51,22,39,16,6,0.47,56
重庆,2025-04-25,优,50,118,26,50,22,7,0.56,42
重庆,2025-04-26,优,50,107,25,50,23,7,0.55,45
重庆,2025-04-27,优,41,66,24,41,21,7,0.55,56
重庆,2025-04-28,良,52,136,24,43,25,8,0.59,71
重庆,2025-04-29,优,38,6,22,37,24,7,0.53,54
重庆,2025-04-30,优,48,52,19,34,17,7,0.46,76
重庆,2025-05-01,优,50,109,27,50,27,8,0.58,79
重庆,2025-05-02,良,74,200,33,70,27,9,0.63,94
重庆,2025-05-03,良,76,231,42,79,26,11,0.70,93
重庆,2025-05-04,良,52,117,31,52,17,8,0.64,83
重庆,2025-05-05,良,51,131,21,41,14,8,0.51,83
重庆,2025-05-06,良,56,155,37,61,29,9,0.70,53
重庆,2025-05-07,良,51,97,30,52,20,7,0.61,71
重庆,2025-05-08,优,44,61,18,30,15,7,0.48,72
重庆,2025-05-09,良,55,186,24,60,20,7,0.40,74
重庆,2025-05-10,良,56,210,27,61,17,6,0.40,69
重庆,2025-05-11,良,56,106,24,52,19,7,0.43,82
重庆,2025-05-12,良,76,162,28,53,26,9,0.54,96
重庆,2025-05-13,良,70,78,38,63,27,9,0.59,90
重庆,2025-05-14,良,62,96,45,67,26,8,0.64,79
重庆,2025-05-15,良,65,190,47,69,25,8,0.65,81
重庆,2025-05-16,良,62,172,45,68,27,7,0.68,56
重庆,2025-05-17,良,60,180,43,66,27,7,0.68,45
重庆,2025-05-18,良,62,173,45,70,24,8,0.70,79
重庆,2025-05-19,良,75,210,37,61,27,8,0.64,94
重庆,2025-05-20,良,91,255,36,61,34,9,0.71,104
重庆,2025-05-21,良,82,247,34,54,28,8,0.65,95
重庆,2025-05-22,良,56,151,19,33,15,6,0.53,81
重庆,2025-05-23,良,52,166,24,53,22,7,0.50,70
重庆,2025-05-24,良,58,159,32,67,18,8,0.46,82
重庆,2025-05-25,良,54,113,23,44,16,7,0.43,82
重庆,2025-05-26,良,62,122,22,37,18,7,0.45,89
重庆,2025-05-27,优,41,40,15,25,16,6,0.46,64
重庆,2025-05-28,优,42,53,12,20,13,6,0.45,70
重庆,2025-05-29,优,48,103,14,26,19,6,0.48,73
重庆,2025-05-30,优,46,94,14,25,16,6,0.45,70
重庆,2025-05-31,优,26,24,13,19,13,6,0.51,44
重庆,2025-06-01,优,29,12,12,20,12,6,0.50,39
重庆,2025-06-02,优,29,26,13,22,15,6,0.51,49
重庆,2025-06-03,优,37,53,21,35,20,7,0.59,54
重庆,2025-06-04,优,44,72,23,40,23,7,0.65,65
重庆,2025-06-05,良,58,122,24,42,25,8,0.71,74
重庆,2025-06-06,优,49,94,31,49,25,8,0.66,65
重庆,2025-06-07,优,46,118,29,46,20,8,0.63,64
重庆,2025-06-08,优,49,144,17,30,17,7,0.55,73
重庆,2025-06-09,优,44,105,11,21,15,7,0.53,66
重庆,2025-06-10,良,54,194,19,36,26,8,0.64,73
重庆,2025-06-11,良,90,249,21,39,21,7,0.59,101
重庆,2025-06-12,良,85,231,21,39,22,8,0.57,106
重庆,2025-06-13,良,88,246,21,37,22,7,0.55,109
重庆,2025-06-14,良,75,256,20,37,20,8,0.56,93
重庆,2025-06-15,轻度污染,111,315,20,41,16,7,0.46,147
重庆,2025-06-16,良,98,317,19,38,20,8,0.56,126
重庆,2025-06-17,良,82,231,17,32,20,8,0.55,94
重庆,2025-06-18,优,32,96,12,22,13,6,0.51,45
重庆,2025-06-19,优,25,98,9,16,11,6,0.50,40
重庆,2025-06-20,优,40,159,14,26,14,6,0.54,60
重庆,2025-06-21,优,35,107,12,20,12,6,0.50,61
重庆,2025-06-22,优,35,70,11,19,12,6,0.52,61
重庆,2025-06-23,优,49,140,10,20,12,6,0.50,83
重庆,2025-06-24,优,48,122,12,23,17,7,0.56,61
重庆,2025-06-25,优,34,48,10,17,11,6,0.50,60
重庆,2025-06-26,优,42,86,14,26,18,7,0.54,64
重庆,2025-06-27,良,56,163,13,26,21,7,0.55,76
重庆,2025-06-28,良,53,195,11,23,18,8,0.48,73
重庆,2025-06-29,优,46,162,10,20,15,7,0.46,63
重庆,2025-06-30,优,30,72,12,22,16,6,0.50,42
重庆,2025-07-01,优,34,104,10,19,13,6,0.50,52
重庆,2025-07-02,优,34,107,8,17,11,7,0.41,50
苏州,2025-01-01,良,78,142,53,106,55,8,0.78,40
苏州,2025-01-02,良,68,147,32,60,54,7,0.66,32
苏州,2025-01-03,良,64,136,42,77,45,7,0.73,46
苏州,2025-01-04,良,55,55,33,59,44,7,0.60,48
苏州,2025-01-05,良,90,184,67,94,46,8,0.81,50
苏州,2025-01-06,良,82,220,58,114,42,9,0.86,50
苏州,2025-01-07,良,70,221,51,89,47,10,1.05,32
苏州,2025-01-08,良,70,240,51,81,52,9,0.92,30
苏州,2025-01-09,优,37,69,15,37,23,8,0.70,48
苏州,2025-01-10,良,51,137,23,52,37,8,0.70,40
苏州,2025-01-11,良,71,230,47,75,57,11,0.90,23
苏州,2025-01-12,良,66,179,46,83,53,8,0.81,34
苏州,2025-01-13,良,88,210,65,116,69,8,0.85,34
苏州,2025-01-14,轻度污染,125,309,95,145,76,9,0.98,40
苏州,2025-01-15,优,46,92,14,46,25,7,0.60,47
苏州,2025-01-16,良,61,172,31,71,49,9,0.74,26
苏州,2025-01-17,良,78,222,53,87,62,9,0.99,29
苏州,2025-01-18,良,82,192,61,92,65,9,0.81,41
苏州,2025-01-19,轻度污染,101,236,76,105,52,9,0.89,57
苏州,2025-01-20,中度污染,164,314,125,166,72,11,1.26,60
苏州,2025-01-21,中度污染,174,300,132,171,70,11,1.21,67
苏州,2025-01-22,良,66,98,48,69,29,8,0.71,89
苏州,2025-01-23,优,49,56,27,45,39,6,0.70,38
苏州,2025-01-24,优,45,50,26,45,22,7,0.75,68
苏州,2025-01-25,优,42,97,12,28,13,6,0.61,80
苏州,2025-01-26,优,48,133,33,48,14,6,0.93,76
苏州,2025-01-27,优,48,178,20,48,7,7,0.72,72
苏州,2025-01-28,优,45,71,22,45,9,8,0.67,80
苏州,2025-01-29,良,92,113,69,87,13,10,0.77,84
苏州,2025-01-30,良,70,166,51,67,15,8,0.71,90
苏州,2025-01-31,优,49,107,34,44,16,6,0.68,61
苏州,2025-02-01,优,34,49,18,23,11,6,0.72,64
苏州,2025-02-02,良,66,207,48,69,13,7,1.00,70
苏州,2025-02-03,良,74,259,54,72,13,6,0.90,71
苏州,2025-02-04,良,69,283,50,65,16,7,0.82,72
苏州,2025-02-05,优,47,156,29,47,19,7,0.72,69
苏州,2025-02-06,优,42,84,23,42,20,7,0.65,66
苏州,2025-02-07,良,54,198,20,57,15,7,0.60,60
苏州,2025-02-08,优,35,61,15,35,17,8,0.61,59
苏州,2025-02-09,优,45,138,30,45,31,8,0.74,53
苏州,2025-02-10,良,58,175,41,57,35,8,0.73,58
苏州,2025-02-11,优,37,14,26,37,26,7,0.59,57
苏州,2025-02-12,良,92,260,69,83,28,6,0.87,44
苏州,2025-02-13,优,50,83,33,51,29,7,0.66,57
苏州,2025-02-14,优,44,59,20,40,35,6,0.57,49
苏州,2025-02-15,良,86,247,64,82,50,6,0.78,13
苏州,2025-02-16,良,95,303,71,97,33,8,1.02,58
苏州,2025-02-17,良,61,209,39,72,25,7,0.70,70
苏州,2025-02-18,优,45,116,21,45,34,8,0.62,61
苏州,2025-02-19,良,54,177,32,58,30,7,0.54,71
苏州,2025-02-20,优,39,65,21,37,25,7,0.57,70
苏州,2025-02-21,优,36,59,20,35,24,7,0.55,69
苏州,2025-02-22,良,64,247,46,65,30,7,0.62,78
苏州,2025-02-23,良,82,282,61,76,28,6,0.75,67
苏州,2025-02-24,良,84,279,62,83,35,8,0.79,66
苏州,2025-02-25,轻度污染,112,311,85,113,47,8,0.83,57
苏州,2025-02-26,轻度污染,114,306,86,112,48,8,0.92,58
苏州,2025-02-27,轻度污染,122,296,93,116,45,8,0.93,58
苏州,2025-02-28,良,70,174,51,69,44,7,0.83,55
苏州,2025-03-01,良,58,148,30,42,35,7,0.69,76
苏州,2025-03-02,良,56,227,36,57,38,8,0.70,68
苏州,2025-03-03,优,40,119,13,23,19,6,0.75,63
苏州,2025-03-04,优,30,40,13,17,23,5,0.62,50
苏州,2025-03-05,优,35,79,20,27,19,6,0.62,67
苏州,2025-03-06,优,44,121,29,43,21,6,0.65,82
苏州,2025-03-07,良,58,176,41,62,37,7,0.61,69
苏州,2025-03-08,良,82,247,61,86,48,7,0.70,66
苏州,2025-03-09,优,47,53,31,47,30,7,0.53,72
苏州,2025-03-10,优,50,70,33,51,36,7,0.55,60
苏州,2025-03-11,良,62,145,45,65,42,8,0.68,52
苏州,2025-03-12,优,42,41,18,26,34,6,0.67,40
苏州,2025-03-13,优,36,40,19,32,28,6,0.55,64
苏州,2025-03-14,优,42,116,15,42,34,7,0.55,56
苏州,2025-03-15,优,40,125,15,26,21,6,0.55,75
苏州,2025-03-16,优,44,170,30,44,25,7,0.60,63
苏州,2025-03-17,优,46,103,27,43,31,8,0.59,71
苏州,2025-03-18,优,48,129,21,42,23,8,0.56,81
苏州,2025-03-19,良,52,140,33,54,33,8,0.60,76
苏州,2025-03-20,良,60,174,36,61,44,8,0.60,81
苏州,2025-03-21,良,70,245,28,53,48,8,0.65,90
苏州,2025-03-22,良,71,203,29,57,49,8,0.64,90
苏州,2025-03-23,良,73,141,36,72,42,8,0.66,93
苏州,2025-03-24,良,78,184,35,69,30,7,0.63,98
苏州,2025-03-25,良,82,187,46,114,63,8,0.70,72
苏州,2025-03-26,轻度污染,113,253,65,112,52,10,0.86,128
苏州,2025-03-27,良,74,131,38,86,26,6,0.78,87
苏州,2025-03-28,良,62,142,27,73,20,6,0.61,62
苏州,2025-03-29,良,68,247,33,87,22,6,0.68,58
苏州,2025-03-30,优,44,146,20,44,21,7,0.56,79
苏州,2025-03-31,优,48,131,15,38,20,7,0.50,90
苏州,2025-04-01,良,51,113,25,48,25,8,0.48,91
苏州,2025-04-02,良,74,274,43,74,28,8,0.56,107
苏州,2025-04-03,良,62,123,28,47,26,6,0.51,91
苏州,2025-04-04,良,64,97,28,52,27,6,0.48,95
苏州,2025-04-05,良,76,242,45,80,31,7,0.65,93
苏州,2025-04-06,良,85,282,46,86,29,6,0.60,110
苏州,2025-04-07,轻度污染,101,306,41,81,31,7,0.57,120
苏州,2025-04-08,良,92,276,37,75,36,7,0.60,111
苏州,2025-04-09,轻度污染,106,304,52,96,44,9,0.77,120
苏州,2025-04-10,轻度污染,109,319,64,110,44,8,0.82,114
苏州,2025-04-11,良,87,242,46,84,37,8,0.63,107
苏州,2025-04-12,轻度污染,114,169,38,179,16,4,0.45,80
苏州,2025-04-13,良,92,158,28,134,14,5,0.32,89
苏州,2025-04-14,良,81,192,30,112,19,6,0.42,92
苏州,2025-04-15,良,71,196,22,56,29,7,0.48,95
苏州,2025-04-16,良,77,144,28,60,38,7,0.46,100
苏州,2025-04-17,良,63,67,30,72,27,6,0.45,91
苏州,2025-04-18,良,88,226,37,76,28,6,0.52,105
苏州,2025-04-19,良,97,270,47,85,25,6,0.66,106
苏州,2025-04-20,良,82,256,29,49,19,7,0.73,109
苏州,2025-04-21,良,55,145,36,53,25,5,0.58,79
苏州,2025-04-22,优,50,140,35,43,18,4,0.69,76
苏州,2025-04-23,良,81,276,29,59,23,5,0.62,111
苏州,2025-04-24,良,87,313,43,99,32,6,0.75,103
苏州,2025-04-25,良,60,184,15,69,22,5,0.41,87
苏州,2025-04-26,良,72,211,13,37,22,5,0.37,104
苏州,2025-04-27,良,65,225,22,47,28,6,0.48,94
苏州,2025-04-28,良,82,296,40,66,36,7,0.80,98
苏州,2025-04-29,良,90,273,23,46,26,6,0.45,114
苏州,2025-04-30,轻度污染,107,289,28,60,28,6,0.52,119
苏州,2025-05-01,良,73,285,26,54,15,5,0.48,114
苏州,2025-05-02,良,100,305,28,64,20,6,0.49,135
苏州,2025-05-03,良,89,289,26,57,18,5,0.51,107
苏州,2025-05-04,良,66,170,11,27,15,4,0.35,104
苏州,2025-05-05,优,48,111,25,41,21,3,0.50,82
苏州,2025-05-06,良,71,213,38,88,23,4,0.60,97
苏州,2025-05-07,良,87,241,31,93,18,4,0.43,116
苏州,2025-05-08,良,64,215,18,50,15,3,0.40,98
苏州,2025-05-09,良,52,152,11,19,14,3,0.50,81
苏州,2025-05-10,良,59,244,18,43,18,4,0.47,91
苏州,2025-05-11,良,74,293,20,36,16,5,0.45,114
苏州,2025-05-12,良,91,280,29,47,27,5,0.46,121
苏州,2025-05-13,轻度污染,111,308,29,48,24,6,0.44,132
苏州,2025-05-14,轻度污染,104,306,27,46,22,5,0.47,126
苏州,2025-05-15,良,78,260,46,68,42,6,0.88,74
苏州,2025-05-16,优,42,82,26,31,26,4,0.71,62
苏州,2025-05-17,良,59,178,25,37,23,4,0.74,95
苏州,2025-05-18,良,70,214,23,89,17,5,0.48,99
苏州,2025-05-19,良,86,240,29,55,22,5,0.59,107
苏州,2025-05-20,优,48,136,24,36,26,4,0.60,47
苏州,2025-05-21,优,42,104,11,17,21,4,0.52,62
苏州,2025-05-22,良,98,312,30,45,30,5,0.66,102
苏州,2025-05-23,优,46,111,12,16,14,4,0.48,73
苏州,2025-05-24,良,80,293,31,45,18,5,0.55,122
苏州,2025-05-25,良,97,305,33,49,27,6,0.58,116
苏州,2025-05-26,良,80,200,27,40,21,5,0.44,104
苏州,2025-05-27,良,77,184,17,29,16,4,0.40,110
苏州,2025-05-28,良,75,186,22,38,18,5,0.41,114
苏州,2025-05-29,良,94,225,28,42,21,5,0.42,118
苏州,2025-05-30,良,99,225,31,45,22,6,0.42,121
苏州,2025-05-31,轻度污染,108,295,34,49,19,5,0.49,136
苏州,2025-06-01,良,72,237,9,13,10,3,0.42,116
苏州,2025-06-02,优,50,165,8,11,14,3,0.55,84
苏州,2025-06-03,良,86,290,27,39,21,4,0.62,122
苏州,2025-06-04,轻度污染,114,299,37,56,34,5,0.61,126
苏州,2025-06-05,轻度污染,107,279,23,47,29,6,0.48,129
苏州,2025-06-06,轻度污染,108,278,19,43,21,6,0.42,136
苏州,2025-06-07,优,49,141,28,41,28,4,0.55,47
苏州,2025-06-08,优,34,38,13,16,18,4,0.54,53
苏州,2025-06-09,优,36,45,14,19,16,4,0.46,63
苏州,2025-06-10,优,32,33,17,25,25,3,0.58,38
苏州,2025-06-11,优,33,28,21,31,26,4,0.57,45
苏州,2025-06-12,优,38,61,12,17,22,3,0.48,61
苏州,2025-06-13,优,28,22,6,13,13,3,0.41,32
苏州,2025-06-14,优,42,99,17,30,19,3,0.53,52
苏州,2025-06-15,优,36,45,12,18,11,3,0.44,68
苏州,2025-06-16,良,72,246,11,26,11,4,0.40,109
苏州,2025-06-17,良,82,233,23,51,17,4,0.47,107
苏州,2025-06-18,轻度污染,104,301,24,49,21,5,0.50,126
苏州,2025-06-19,良,60,230,21,37,24,4,0.47,69
苏州,2025-06-20,优,40,161,11,24,17,4,0.38,54
苏州,2025-06-21,优,37,118,14,25,20,4,0.47,56
苏州,2025-06-22,优,43,112,7,10,13,3,0.43,79
苏州,2025-06-23,优,42,100,9,11,14,4,0.46,76
苏州,2025-06-24,优,44,102,16,22,16,3,0.51,77
苏州,2025-06-25,良,84,224,28,41,24,4,0.60,107
苏州,2025-06-26,良,99,303,25,37,16,4,0.59,112
苏州,2025-06-27,良,54,160,11,22,17,4,0.48,60
苏州,2025-06-28,优,50,181,14,26,17,4,0.49,77
苏州,2025-06-29,良,73,272,14,25,13,4,0.43,98
苏州,2025-06-30,良,70,287,13,25,15,4,0.39,70
苏州,2025-07-01,优,47,190,10,22,13,4,0.34,66
苏州,2025-07-02,良,70,300,14,29,13,4,0.40,83
